Result,Exit_Velocity,Launch_Angle,Distance,Direction,Pitch,Pitch_Type
field_out,89.2,25,315,Pull,94.2,4-Seam Fastball
field_out,96.1,-3,27,Straightaway,81.6,Curveball
field_out,77.7,-22,5,Opposite,84,Changeup
field_out,78.6,-6,14,Straightaway,84.7,Changeup
field_out,66.6,-15,7,Pull,74.5,Curveball
double,98.3,21,353,Opposite,93,Sinker
field_out,98,4,90,Straightaway,70.9,Curveball
field_out,93,-15,9,Pull,87.6,Cutter
single,103.1,13,211,Pull,90.4,Sinker
field_out,81.9,51,242,Straightaway,83.2,Changeup
field_out,94.1,-11,13,Pull,89.9,4-Seam Fastball
single,79.3,14,171,Pull,80.5,Changeup
field_out,97.1,-19,4,Straightaway,80.9,Changeup
field_out,91.5,-19,6,Pull,92.8,4-Seam Fastball
field_out,104.2,8,166,Pull,78.4,Curveball
field_out,83.9,35,281,Opposite,80.7,Curveball
field_out,75.8,-9,10,Pull,92.7,Sinker
field_out,67.4,-29,3,Pull,92.8,2-Seam Fastball
field_out,87.5,40,295,Opposite,93.7,2-Seam Fastball
single,98.7,10,169,Straightaway,74.2,Curveball
field_out,102,-3,36,Straightaway,92.8,4-Seam Fastball
field_out,73.4,-12,11,Straightaway,80,Changeup
field_out,92.9,48,294,Pull,84.6,Slider
field_out,86.8,66,193,Opposite,92.3,4-Seam Fastball
field_out,89.9,-6,25,Pull,95.5,4-Seam Fastball
field_out,77.2,-35,4,Straightaway,78.3,Curveball
field_out,48.3,-22,7,Opposite,90.1,4-Seam Fastball
field_out,95.6,35,360,Straightaway,81.9,Slider
field_out,88.2,2,67,Pull,83.9,Slider
field_out,99.7,17,312,Opposite,88.1,Cutter
field_out,70.4,0,47,Pull,88.8,Cutter
field_out,80.9,-3,24,Pull,87.3,Cutter
double,101.1,26,402,Straightaway,92.3,Sinker
field_out,99.9,22,345,Straightaway,92.1,4-Seam Fastball
field_out,104.8,20,390,Straightaway,92.6,4-Seam Fastball
double,104.7,3,102,Pull,92.9,4-Seam Fastball
home_run,98.1,40,359,Pull,94.4,4-Seam Fastball
double,103.3,23,376,Opposite,92.3,2-Seam Fastball
field_out,89.9,42,324,Straightaway,87.5,Slider
double,105.6,23,398,Opposite,89.3,4-Seam Fastball
field_out,60.8,-34,2,Straightaway,79.3,Slider
field_out,74.5,-18,7,Pull,79.8,Slider
field_out,101,9,146,Pull,89.1,Cutter
double,101.1,16,321,Opposite,91.2,Sinker
field_out,81.9,-36,3,Straightaway,79.4,Slider
home_run,95.6,42,351,Opposite,88,4-Seam Fastball
field_out,79.8,-32,4,Pull,90.6,Cutter
double,93.7,23,297,Pull,91.6,4-Seam Fastball
field_out,80.9,3,71,Straightaway,88.7,Slider
single,97.8,11,201,Straightaway,78.3,Curveball
field_out,83.7,65,168,Opposite,91.4,4-Seam Fastball
single,80.8,13,162,Pull,84,Changeup
field_out,83.9,-19,5,Straightaway,81.8,Split-Finger
double,95.6,9,152,Pull,89.2,4-Seam Fastball
field_out,87.6,-19,6,Pull,81.5,Curveball
double,109.5,17,286,Pull,88.2,Cutter
single,95,1,69,Straightaway,93.4,4-Seam Fastball
single,94.6,2,72,Straightaway,96.7,4-Seam Fastball
home_run,109.8,23,375,Pull,93,4-Seam Fastball
field_out,80.7,-24,6,Pull,84,Changeup
single,88.2,12,172,Straightaway,77.8,Knuckle Curve
single,84.7,17,233,Pull,86.1,Slider
single,80.6,-17,10,Pull,96.2,2-Seam Fastball
field_out,99,-3,27,Straightaway,97.2,4-Seam Fastball
home_run,108.4,27,399,Pull,98.2,4-Seam Fastball
field_out,83.1,-7,22,Pull,87.4,Changeup
single,111.5,8,195,Pull,91.6,4-Seam Fastball
single,88.8,17,243,Straightaway,89.3,Cutter
single,70.3,11,111,Straightaway,89.5,Cutter
field_out,98.6,-5,18,Pull,95.4,4-Seam Fastball
field_out,88.5,-20,5,Straightaway,86,Changeup
field_out,100.8,29,384,Opposite,80.1,Sinker
field_out,75.9,-21,6,Straightaway,79.6,Slider
triple,101.7,20,360,Pull,95.1,4-Seam Fastball
field_out,89.2,24,329,Pull,97.3,4-Seam Fastball
home_run,97.8,37,427,Pull,87.1,Changeup
field_out,68.2,-14,7,Pull,85.5,Slider
field_out,77.1,-10,10,Pull,77.6,Curveball
field_out,76.3,-5,22,Pull,85.9,Slider
field_out,101.3,4,94,Straightaway,94.6,Sinker
field_out,99.8,-16,8,Straightaway,97.1,Sinker
field_out,103.7,15,289,Opposite,86.3,Slider
field_out,75.7,-18,10,Pull,92.1,4-Seam Fastball
single,75.3,22,222,Pull,89.7,Cutter
single,85.8,18,259,Opposite,92.8,4-Seam Fastball
field_out,92.2,-4,32,Pull,96.3,4-Seam Fastball
home_run,100.6,25,336,Opposite,93.8,2-Seam Fastball
single,85.9,13,202,Straightaway,90.4,4-Seam Fastball
field_out,88.5,53,247,Opposite,93.8,4-Seam Fastball
field_out,46.5,-21,5,Straightaway,62.5,Curveball
single,102.7,3,86,Pull,75.3,Curveball
double,99.3,17,334,Straightaway,91.5,Cutter
field_out,95.9,50,321,Opposite,86.2,4-Seam Fastball
field_out,90.1,-18,7,Pull,92.8,Sinker
field_out,80,-26,5,Pull,93.6,Sinker
field_out,92.4,-6,26,Pull,87.1,Slider
field_out,80.5,-5,26,Pull,91.8,4-Seam Fastball
field_out,99.4,-17,5,Straightaway,96.3,4-Seam Fastball
field_out,73.5,-5,17,Opposite,84.5,Slider
single,104.3,3,95,Straightaway,87.1,Changeup
field_out,105,-2,41,Straightaway,89.2,Changeup
single,74.4,22,225,Opposite,86.8,Slider
single,91.2,5,101,Straightaway,96.7,4-Seam Fastball
field_out,92.3,32,348,Straightaway,88,Slider
field_out,91.1,-15,8,Straightaway,88.5,Slider
field_out,83.8,37,297,Opposite,65.6,Curveball
single,85.6,21,264,Straightaway,95.5,4-Seam Fastball
single,106.2,0,68,Pull,92.8,4-Seam Fastball
home_run,103.3,29,434,Pull,95.7,4-Seam Fastball
field_out,77.7,33,276,Opposite,90.4,Cutter
single,90,5,102,Straightaway,83.9,Slider
field_out,104.3,17,307,Pull,96.3,4-Seam Fastball
single,100.2,-3,26,Straightaway,85.8,Slider
field_out,96.6,-13,7,Straightaway,93.9,Sinker
field_out,99.1,32,390,Straightaway,94.2,Sinker
field_out,87.3,-19,6,Straightaway,95.4,Sinker
double,100.4,25,381,Opposite,98.9,2-Seam Fastball
field_out,86.5,35,320,Straightaway,92.7,4-Seam Fastball
single,82.6,16,193,Pull,96.6,4-Seam Fastball
field_out,89.4,17,276,Opposite,96.6,2-Seam Fastball
field_out,93.5,38,336,Opposite,93.3,Sinker
single,100.5,-17,5,Straightaway,96.1,4-Seam Fastball
single,104.7,-2,43,Pull,90.1,Changeup
field_out,95.4,3,77,Pull,93.2,2-Seam Fastball
single,77.1,17,179,Opposite,91,Sinker
field_out,97.7,10,143,Pull,72.7,Curveball
field_out,99.2,36,370,Straightaway,88.3,Cutter
field_out,97.7,19,318,Opposite,95.7,Sinker
field_out,98.4,35,380,Straightaway,73.8,Curveball
double,102.6,23,392,Straightaway,95.4,4-Seam Fastball
single,106.6,14,265,Pull,91.3,Sinker
single,101.7,-5,22,Straightaway,92.9,Sinker
field_out,90,24,342,Straightaway,80.3,Slider
field_out,89.9,47,305,Opposite,89.5,2-Seam Fastball
field_out,99.1,17,296,Pull,90.7,4-Seam Fastball
field_out,107.7,36,430,Pull,92.1,4-Seam Fastball
single,93.6,-12,11,Straightaway,86.1,Changeup
field_out,91.5,-13,12,Pull,87.4,Changeup
field_out,71.4,-23,6,Pull,91.1,2-Seam Fastball
field_out,90,45,303,Opposite,90.6,4-Seam Fastball
field_out,102.4,24,383,Straightaway,83.3,Slider
single,109.2,13,247,Pull,95,4-Seam Fastball
field_out,61.9,-19,5,Pull,90.2,Slider
single,104.7,11,209,Pull,89,Changeup
field_out,96.4,-8,14,Straightaway,89.4,Slider
field_out,89,42,309,Straightaway,95.8,2-Seam Fastball
field_out,74.2,-2,20,Straightaway,76.6,Slider
field_out,47.3,-32,3,Pull,94.7,2-Seam Fastball
double,100.3,13,259,Opposite,90.5,4-Seam Fastball
field_out,77,30,266,Opposite,91.4,4-Seam Fastball
single,70.7,18,158,Opposite,92.6,2-Seam Fastball
field_out,85.6,-13,12,Pull,92.6,4-Seam Fastball
field_out,94,51,273,Straightaway,87.8,Changeup
field_out,99.7,7,132,Pull,82.9,Split-Finger
field_out,90.1,12,153,Pull,94.6,2-Seam Fastball
field_out,105.9,7,125,Straightaway,78.6,Changeup
field_out,100.4,-6,20,Straightaway,79.4,Changeup
field_out,102.5,1,65,Pull,90.4,4-Seam Fastball
field_out,93.6,-5,19,Straightaway,92.4,4-Seam Fastball
field_out,103.6,5,118,Pull,91.3,4-Seam Fastball
field_out,98.4,7,131,Straightaway,92.8,4-Seam Fastball
single,98.7,13,241,Opposite,93.6,Sinker
home_run,109.2,26,432,Pull,92.9,4-Seam Fastball
single,97.5,1,62,Opposite,95.2,4-Seam Fastball
field_out,100.4,36,369,Opposite,96.2,4-Seam Fastball
single,89.7,7,105,Pull,85.2,Curveball
home_run,97.8,31,389,Opposite,92.2,4-Seam Fastball
field_out,90.8,44,327,Opposite,93.1,4-Seam Fastball
field_out,76.4,29,254,Opposite,94.2,4-Seam Fastball
field_out,85.6,-7,16,Straightaway,90.9,2-Seam Fastball
home_run,96.4,28,387,Pull,93.2,4-Seam Fastball
field_out,79.7,29,269,Opposite,82.8,Slider
field_out,78.7,-8,14,Straightaway,87.3,Split-Finger
field_out,85.5,-15,7,Pull,95.2,Cutter
double,57.2,26,139,Opposite,96.1,Cutter
field_out,73.7,-21,4,Straightaway,80.6,Slider
field_out,84.3,-15,8,Pull,81.9,Curveball
single,95.6,-4,25,Pull,87.8,Cutter
field_out,96.8,18,297,Opposite,91.7,Sinker
field_out,73.4,-23,6,Pull,92.6,Sinker
field_out,96.8,46,355,Pull,88.4,4-Seam Fastball
field_out,89.4,50,301,Opposite,90.8,4-Seam Fastball
field_out,78.7,34,292,Straightaway,91.3,4-Seam Fastball
double,103.7,20,369,Opposite,96.3,4-Seam Fastball
field_out,81.4,38,288,Straightaway,81.9,Changeup
field_out,60.1,41,187,Straightaway,91.3,4-Seam Fastball
field_out,92.9,48,287,Straightaway,92.3,4-Seam Fastball
field_out,86.4,37,300,Opposite,84.2,Slider
field_out,94.3,-21,4,Straightaway,94.2,2-Seam Fastball
field_out,88.3,-18,6,Pull,88.4,Slider
single,82.8,22,257,Straightaway,88.3,Cutter
single,35.3,-53,2,Straightaway,88.6,Cutter
triple,102,27,413,Straightaway,92.4,4-Seam Fastball
double,109.5,5,110,Straightaway,86.6,Cutter
home_run,110.5,26,439,Pull,88.3,Sinker
field_out,103.4,-13,7,Straightaway,91.4,Sinker
single,99.1,1,52,Straightaway,91.4,Sinker
single,93.7,8,127,Straightaway,89.3,Slider
double,101.9,15,226,Pull,92.5,2-Seam Fastball
field_out,99.8,1,50,Pull,89.8,4-Seam Fastball
field_out,80.3,-19,5,Pull,91.3,Sinker
field_out,99.5,-11,10,Straightaway,92.1,Sinker
field_out,103.7,9,144,Straightaway,93,2-Seam Fastball
field_out,93.1,33,337,Opposite,92.2,4-Seam Fastball
field_out,93.9,-16,5,Pull,98.5,4-Seam Fastball
field_out,85,40,286,Straightaway,93.4,4-Seam Fastball
double,102.5,15,246,Pull,89.5,Sinker
single,97.1,-6,11,Straightaway,91.7,4-Seam Fastball
single,100.9,5,86,Straightaway,93.7,4-Seam Fastball
single,101.4,4,110,Opposite,88.4,Split-Finger
home_run,101.4,31,400,Pull,90.7,4-Seam Fastball
double,98.2,3,84,Opposite,91.7,2-Seam Fastball
field_out,106.5,-15,5,Straightaway,90.5,Sinker
single,99.4,15,210,Pull,90.7,Cutter
home_run,98.5,33,410,Pull,95.2,4-Seam Fastball
double,110.7,17,326,Pull,89.9,4-Seam Fastball
field_out,95.5,-14,9,Straightaway,94.3,Cutter
field_out,75,-25,4,Straightaway,81.5,Slider
field_out,92.8,39,336,Pull,93.9,4-Seam Fastball
double,96.1,15,235,Opposite,85.5,Split-Finger
single,99.3,15,241,Pull,81.1,Curveball
field_out,91.5,-22,5,Straightaway,82.1,Curveball
field_out,83.6,4,64,Pull,92.9,Sinker
field_out,75.8,-17,5,Straightaway,84.8,Changeup
single,102.7,15,260,Straightaway,90.5,4-Seam Fastball
double,108.5,19,349,Pull,82.7,Split-Finger
field_out,90.4,34,311,Opposite,86,Changeup
single,92.5,-13,9,Pull,79.2,Slider
double,101.6,21,362,Opposite,96.6,4-Seam Fastball
single,106.8,8,148,Straightaway,97.2,4-Seam Fastball
home_run,98.6,30,371,Pull,81.9,Changeup
field_out,93.2,42,319,Straightaway,82.3,Cutter
field_out,83.4,46,258,Straightaway,82.4,Cutter
double,110.3,18,380,Straightaway,85.4,Cutter
field_out,90.6,32,331,Opposite,81.7,Slider
single,108.3,9,189,Opposite,85.9,Split-Finger
field_out,98.8,-11,8,Straightaway,87.8,Split-Finger
field_out,88.3,-2,23,Pull,85.2,Slider
single,107.3,11,201,Pull,82.6,Split-Finger
single,99.9,10,166,Opposite,75.8,Curveball
field_out,97.6,26,347,Opposite,85.2,Cutter
field_out,82.6,44,260,Straightaway,85.2,Split-Finger
field_out,94.6,30,346,Opposite,87.3,Split-Finger
field_out,100.8,-13,9,Straightaway,87.7,2-Seam Fastball
field_out,75,-18,7,Opposite,88.3,2-Seam Fastball
single,86.4,3,71,Opposite,81.7,Slider
field_out,103.1,34,411,Straightaway,92.4,4-Seam Fastball
single,95.2,13,229,Opposite,95.1,4-Seam Fastball
field_out,89.3,-20,6,Pull,77.7,Changeup
single,78.9,23,252,Straightaway,81.8,Cutter
single,87.5,12,168,Opposite,94.6,4-Seam Fastball
field_out,102.7,8,142,Pull,96.6,4-Seam Fastball
single,80.5,17,202,Opposite,96.9,4-Seam Fastball
field_out,88.1,45,286,Straightaway,97.3,4-Seam Fastball
field_out,75.3,-22,7,Pull,77.8,Changeup
single,94,-7,16,Straightaway,89.3,Slider
home_run,107.1,44,359,Pull,92.5,4-Seam Fastball
field_out,99.1,-1,42,Straightaway,94.9,4-Seam Fastball
field_out,98.5,-17,7,Straightaway,96.7,4-Seam Fastball
field_out,77.2,-20,6,Pull,86.6,Slider
double,103.1,22,388,Straightaway,85.4,Split-Finger
single,107.2,15,251,Pull,88.8,4-Seam Fastball
field_out,97.4,35,374,Straightaway,91.7,4-Seam Fastball
field_out,69.9,1,37,Pull,87.6,Slider
field_out,98.6,36,361,Opposite,93.3,2-Seam Fastball
field_out,98.7,-3,24,Straightaway,87.2,Slider
field_out,80,1,42,Pull,90.3,Slider
field_out,76.2,2,47,Opposite,92.5,2-Seam Fastball
single,100.8,10,175,Straightaway,95.9,2-Seam Fastball
single,96.8,1,47,Straightaway,99.4,2-Seam Fastball
field_out,84.5,-16,8,Pull,97,4-Seam Fastball
double,100.7,23,365,Straightaway,86.5,Changeup
field_out,90,-18,7,Straightaway,77.5,Knuckle Curve
double,109.2,14,240,Straightaway,97,2-Seam Fastball
triple,100.8,34,376,Opposite,97.2,4-Seam Fastball
field_out,98.2,21,319,Opposite,81.3,Curveball
single,94.5,9,137,Straightaway,84.8,Slider
field_out,104.2,12,177,Pull,75.3,Changeup
single,99.5,6,100,Pull,66.9,Curveball
field_out,78.4,63,168,Straightaway,85.7,Cutter
single,102.3,1,58,Straightaway,79.8,Curveball
home_run,101.5,29,361,Pull,93.1,4-Seam Fastball
field_out,88.2,4,72,Pull,93.3,4-Seam Fastball
field_out,77.1,-36,4,Pull,97.4,4-Seam Fastball
field_out,97.2,41,339,Straightaway,89.2,2-Seam Fastball
field_out,70.8,63,157,Opposite,94.5,4-Seam Fastball
field_out,79.1,-26,6,Pull,88.4,Changeup
single,94.9,-10,18,Pull,93.9,Sinker
single,82,13,142,Pull,84.5,Changeup
field_out,98.4,-6,21,Opposite,88.9,Cutter
single,100,-1,34,Straightaway,78,Knuckle Curve
double,109.1,19,393,Straightaway,88.2,4-Seam Fastball
field_out,91,31,317,Opposite,93.3,4-Seam Fastball
field_out,100.8,21,364,Straightaway,83.9,Cutter
single,62.2,30,193,Pull,91.1,2-Seam Fastball
single,104.9,12,179,Straightaway,89.8,4-Seam Fastball
home_run,110.2,24,440,Straightaway,91.5,4-Seam Fastball
field_out,49.9,48,133,Opposite,89.2,Sinker
field_out,98.4,8,136,Straightaway,90.5,Sinker
field_out,65.4,4,53,Opposite,81.4,Slider
single,103.5,-1,38,Pull,89.3,Cutter
field_out,78.9,36,283,Straightaway,79.8,Slider
field_out,94.9,22,339,Straightaway,80.7,Slider
single,69.1,32,213,Opposite,90,2-Seam Fastball
field_out,101.4,4,106,Straightaway,90.6,2-Seam Fastball
single,98.6,13,181,Pull,94.1,4-Seam Fastball
double,105,5,112,Opposite,78,Slider
single,100.3,12,193,Pull,92.2,4-Seam Fastball
single,87.4,19,234,Straightaway,95.3,4-Seam Fastball
single,94.8,11,216,Opposite,95.5,4-Seam Fastball
single,94.1,18,268,Opposite,87.6,Changeup
single,84.9,23,266,Pull,95.4,4-Seam Fastball
single,108.9,10,213,Straightaway,95.6,4-Seam Fastball
single,105.4,9,189,Straightaway,96.1,4-Seam Fastball
single,87.6,17,200,Straightaway,89.5,4-Seam Fastball
single,99.9,0,38,Straightaway,74.1,Curveball
field_out,94.6,-17,6,Opposite,88.5,4-Seam Fastball
field_out,99.1,-7,12,Straightaway,92.9,4-Seam Fastball
field_out,99.7,15,292,Straightaway,92.9,4-Seam Fastball
field_out,81.2,53,222,Opposite,94.6,4-Seam Fastball
single,104.3,3,76,Pull,93.6,4-Seam Fastball
field_out,88.2,1,44,Pull,88.6,Cutter
double,95.2,32,373,Pull,92.3,4-Seam Fastball
single,102.2,11,219,Straightaway,97.3,4-Seam Fastball
field_out,66.5,-28,3,Pull,83.9,Changeup
single,70.5,31,222,Opposite,91.7,Sinker
field_out,56.6,5,54,Straightaway,92,Sinker
home_run,98,26,345,Pull,79.2,Slider
single,69.5,1,37,Straightaway,90,4-Seam Fastball
home_run,102.6,25,357,Opposite,92.1,4-Seam Fastball
field_out,62.6,-44,3,Pull,88.4,2-Seam Fastball
single,97.2,2,58,Pull,90.5,2-Seam Fastball
field_out,91.9,-11,14,Straightaway,92.5,Cutter
field_out,97.3,-8,16,Pull,90.3,4-Seam Fastball
field_out,99.1,-6,21,Pull,85.5,Slider
field_out,87.1,-15,8,Pull,93.3,4-Seam Fastball
home_run,96.4,28,383,Pull,93.3,4-Seam Fastball
double,103.3,25,388,Opposite,94.5,4-Seam Fastball
field_out,108.4,6,134,Straightaway,91.5,4-Seam Fastball
single,92.5,17,231,Pull,92.3,4-Seam Fastball
field_out,97.1,22,310,Pull,93.3,4-Seam Fastball
home_run,105,22,403,Straightaway,74.9,Changeup
double,97.9,24,296,Pull,68.1,Curveball
field_out,96.4,52,264,Straightaway,69.1,Curveball
field_out,99.7,-3,28,Pull,91.4,Sinker
field_out,95.1,39,328,Straightaway,80.9,Slider
single,83,-4,17,Opposite,84,Slider
single,73.3,0,33,Straightaway,95.1,4-Seam Fastball
field_out,96.1,28,343,Opposite,94.9,2-Seam Fastball
field_out,79.3,-3,28,Straightaway,94.9,2-Seam Fastball
field_out,75.2,-5,19,Straightaway,96.8,2-Seam Fastball
field_out,102.9,15,302,Straightaway,97.6,2-Seam Fastball
field_out,99.7,-25,3,Straightaway,97.8,2-Seam Fastball
field_out,93.1,21,295,Opposite,83.3,Slider
single,90.6,2,58,Straightaway,85.3,Slider
field_out,104.8,21,364,Straightaway,94.6,2-Seam Fastball
single,66.8,18,147,Pull,95.5,2-Seam Fastball
single,101.7,16,286,Pull,83.1,4-Seam Fastball
home_run,100.1,34,372,Pull,93.3,4-Seam Fastball
field_out,75,-46,2,Pull,91.5,Cutter
field_out,87.6,30,309,Opposite,91.2,4-Seam Fastball
field_out,105,-2,29,Opposite,88.3,Sinker
single,99.4,13,207,Pull,89.9,4-Seam Fastball
field_out,102.7,-4,19,Straightaway,84.7,Slider
field_out,76.5,33,263,Straightaway,84,Cutter
single,90.9,11,156,Pull,81.2,Slider
field_out,86,31,335,Straightaway,91.3,4-Seam Fastball
field_out,70.2,-5,18,Pull,85.1,Changeup
field_out,87.2,24,283,Opposite,75.3,Curveball
home_run,106.8,29,418,Straightaway,89.6,4-Seam Fastball
field_out,104.5,6,104,Pull,91.2,4-Seam Fastball
field_out,100.5,37,357,Opposite,92.9,4-Seam Fastball
field_out,66.6,-16,6,Pull,85,4-Seam Fastball
field_out,80.6,50,235,Opposite,90.4,4-Seam Fastball
double,106.5,23,371,Opposite,94.8,4-Seam Fastball
single,87.3,16,233,Opposite,95.4,4-Seam Fastball
field_out,101.2,5,109,Pull,85.2,Changeup
field_out,92.2,34,339,Opposite,75.7,Curveball
field_out,84.4,26,289,Straightaway,91.2,Cutter
field_out,93,-15,8,Straightaway,94.6,2-Seam Fastball
field_out,100.7,-4,25,Straightaway,96.4,2-Seam Fastball
single,95.9,16,275,Straightaway,94.7,4-Seam Fastball
single,93.8,17,264,Pull,98.7,4-Seam Fastball
field_out,108.4,9,155,Straightaway,90,4-Seam Fastball
single,87.8,14,189,Opposite,90.8,Sinker
field_out,93.1,27,347,Pull,94.5,4-Seam Fastball
single,108,21,353,Pull,81.8,Slider
field_out,98.3,25,389,Straightaway,93.6,4-Seam Fastball
field_out,86,-25,4,Pull,81.1,Knuckle Curve
field_out,101.4,-2,30,Straightaway,87.7,Slider
field_out,94.1,46,327,Opposite,88.1,4-Seam Fastball
field_out,91.2,28,373,Straightaway,89.2,4-Seam Fastball
home_run,101.1,34,376,Opposite,96.8,4-Seam Fastball
home_run,95.7,33,370,Pull,89.8,2-Seam Fastball
field_out,86.8,30,307,Opposite,96.3,4-Seam Fastball
single,100.5,1,57,Pull,86.1,Changeup
field_out,79.2,49,234,Straightaway,91.5,4-Seam Fastball
single,103.4,0,52,Straightaway,93.2,4-Seam Fastball
field_out,75.4,4,61,Straightaway,73.3,Knuckleball
single,96.9,-1,36,Straightaway,90.9,2-Seam Fastball
field_out,94.8,-8,17,Pull,91.7,2-Seam Fastball
single,94.5,-4,29,Straightaway,92.2,2-Seam Fastball
double,98.1,26,344,Opposite,79.5,Curveball
single,96.2,8,146,Straightaway,96.7,2-Seam Fastball
field_out,108,3,74,Pull,95.8,4-Seam Fastball
double,101,14,209,Pull,82.9,Curveball
field_out,88.8,24,292,Pull,82.5,Slider
field_out,42.2,77,47,Pull,90.5,4-Seam Fastball
field_out,83.1,-9,11,Pull,82.1,Slider
field_out,104.1,19,327,Opposite,86.9,Changeup
single,104.6,2,69,Pull,90.2,Sinker
single,90.7,10,154,Opposite,86.7,Slider
home_run,104.2,26,360,Pull,94,4-Seam Fastball
field_out,72.6,-18,7,Straightaway,85.5,Slider
field_out,68.3,-36,2,Straightaway,94.4,Sinker
field_out,84.8,41,300,Straightaway,89.7,4-Seam Fastball
field_out,104.9,18,312,Opposite,94.9,4-Seam Fastball
field_out,89.5,-18,4,Straightaway,83.7,Knuckle Curve
home_run,107.8,31,404,Pull,95.8,Sinker
home_run,107.8,22,416,Opposite,90.7,4-Seam Fastball
double,95.7,18,293,Opposite,97.8,4-Seam Fastball
field_out,102.3,6,95,Pull,94.5,Sinker
double,97.4,36,351,Opposite,88.5,2-Seam Fastball
field_out,98.8,39,379,Opposite,95.1,4-Seam Fastball
field_out,74.2,-42,3,Pull,86.8,Slider
home_run,106.6,32,421,Straightaway,92.9,4-Seam Fastball
single,86.6,15,199,Pull,94,4-Seam Fastball
field_out,89.8,25,325,Pull,89.7,4-Seam Fastball
field_out,89.9,0,39,Straightaway,80.2,Knuckle Curve
field_out,100.2,24,368,Opposite,97,4-Seam Fastball
single,104.8,9,162,Straightaway,82.2,Changeup
field_out,99.8,45,331,Opposite,89.2,2-Seam Fastball
field_out,98.9,-4,26,Pull,90.9,4-Seam Fastball
single,106.7,15,210,Straightaway,93.6,4-Seam Fastball
field_out,82.9,13,160,Straightaway,86.9,Changeup
single,78.2,22,247,Opposite,80.2,Slider
single,91.6,-5,22,Pull,88.1,4-Seam Fastball
field_out,89.7,47,281,Opposite,95.4,4-Seam Fastball
field_out,88.5,-20,8,Pull,88.9,2-Seam Fastball
field_out,93.6,33,369,Opposite,91.8,2-Seam Fastball
field_out,99.4,17,321,Opposite,92.5,4-Seam Fastball
double,103.5,19,343,Straightaway,91.6,4-Seam Fastball
single,103.1,8,123,Straightaway,84.9,Slider
field_out,60.2,-16,7,Straightaway,85,Slider
field_out,101.1,-1,39,Pull,89.8,2-Seam Fastball
field_out,96.1,-10,12,Straightaway,89.8,2-Seam Fastball
single,91.3,7,112,Straightaway,90.1,2-Seam Fastball
single,98,1,48,Pull,87.5,4-Seam Fastball
single,92.6,23,295,Opposite,87.2,Sinker
double,101.5,14,203,Pull,92.1,4-Seam Fastball
field_out,99.1,-7,14,Pull,93.3,4-Seam Fastball
field_out,85.7,-12,12,Pull,81.3,Changeup
field_out,69.8,-38,3,Opposite,92,4-Seam Fastball
single,97.3,13,202,Pull,95.2,4-Seam Fastball
field_out,42.6,-54,1,Straightaway,86.6,Cutter
single,76,9,110,Opposite,81.2,Split-Finger
field_out,96.9,29,380,Straightaway,90.5,4-Seam Fastball
field_out,92.4,-2,26,Straightaway,91.3,4-Seam Fastball
field_out,101.4,17,336,Opposite,87.2,Changeup
field_out,101,0,40,Straightaway,91.2,4-Seam Fastball
single,104.7,9,141,Pull,93.3,4-Seam Fastball
field_out,101.6,18,350,Straightaway,82.5,Split-Finger
field_out,86.9,3,62,Pull,90.4,4-Seam Fastball
field_out,52.6,2,33,Pull,91.8,4-Seam Fastball
field_out,89.8,45,294,Opposite,89.7,Slider
field_out,77.6,-17,6,Pull,94.5,2-Seam Fastball
field_out,92.7,42,373,Pull,94.7,4-Seam Fastball
field_out,102.8,16,300,Straightaway,95.8,4-Seam Fastball
field_out,84.5,45,285,Straightaway,92.4,4-Seam Fastball
field_out,94.4,-12,9,Straightaway,93,4-Seam Fastball
single,103.7,13,212,Pull,92.8,4-Seam Fastball
field_out,87.7,29,289,Opposite,98,4-Seam Fastball
field_out,96.5,37,355,Straightaway,86,Changeup
field_out,56,-43,2,Straightaway,83.4,Split-Finger
field_out,87.3,1,38,Straightaway,83.6,Split-Finger
field_out,101.1,-9,14,Straightaway,83.7,Split-Finger
field_out,98.6,23,370,Straightaway,90.9,4-Seam Fastball
single,95.4,13,194,Straightaway,93.1,4-Seam Fastball
field_out,94.1,-4,29,Straightaway,83.6,Changeup
field_out,95.2,35,377,Straightaway,70.4,Knuckleball
field_out,89.4,2,56,Pull,76.9,Changeup
single,86.2,19,244,Opposite,92.7,4-Seam Fastball
field_out,84.5,-13,7,Pull,82.7,Curveball
field_out,87.1,48,268,Straightaway,83.8,Curveball
field_out,38.1,-66,1,Opposite,91.9,4-Seam Fastball
single,97,2,61,Opposite,96.1,4-Seam Fastball
field_out,82.4,1,52,Straightaway,86.2,Changeup
single,81,2,43,Straightaway,96.3,2-Seam Fastball
single,103.7,15,244,Straightaway,84.6,Changeup
field_out,82.9,1,45,Straightaway,86.4,Changeup
field_out,72.5,4,66,Opposite,93.3,Sinker
field_out,83.9,-9,16,Straightaway,96.8,Sinker
field_out,83.5,27,303,Straightaway,93.3,2-Seam Fastball
single,77.4,27,263,Opposite,89.3,4-Seam Fastball
field_out,76.7,-11,8,Pull,76.9,Curveball
field_out,99,-13,10,Straightaway,92.6,2-Seam Fastball
single,64.5,47,180,Opposite,90.5,4-Seam Fastball
field_out,106.4,-5,16,Straightaway,91.2,4-Seam Fastball
field_out,96.8,56,257,Opposite,89.6,2-Seam Fastball
single,85.4,18,231,Opposite,90.3,2-Seam Fastball
single,88.1,12,141,Straightaway,84.8,Changeup
field_out,68.4,-32,3,Pull,91.1,Sinker
home_run,102.6,33,393,Pull,72,Curveball
double,95.7,34,321,Opposite,83.9,Sinker
field_out,93,26,325,Opposite,92.1,4-Seam Fastball
field_out,103.3,-5,16,Opposite,89.4,Sinker
field_out,78.3,-24,4,Pull,82.7,Slider
field_out,102.2,20,312,Opposite,92.7,2-Seam Fastball
field_out,81.7,58,191,Straightaway,93.9,2-Seam Fastball
field_out,89.6,24,335,Straightaway,89.5,4-Seam Fastball
single,101.7,13,233,Straightaway,92.6,2-Seam Fastball
single,105.3,14,267,Opposite,91.3,2-Seam Fastball
single,97.2,7,109,Straightaway,91.5,4-Seam Fastball
field_out,81,0,37,Straightaway,91.1,2-Seam Fastball
field_out,97.4,2,63,Pull,85.7,Changeup
triple,101.2,18,340,Straightaway,90.5,4-Seam Fastball
field_out,75.1,35,251,Opposite,81.3,Changeup
single,91.5,17,280,Straightaway,78,Curveball
home_run,94.6,32,369,Pull,93.1,Sinker
single,91.5,8,108,Pull,92.9,4-Seam Fastball
field_out,90.4,38,320,Straightaway,84.1,Changeup
home_run,104.2,26,436,Straightaway,91.3,2-Seam Fastball
field_out,100.2,23,353,Pull,92.5,2-Seam Fastball
field_out,97.5,12,163,Straightaway,76.2,Curveball
single,104.4,5,112,Opposite,93.1,4-Seam Fastball
field_out,83.7,0,40,Pull,74,Curveball
field_out,79.2,25,235,Opposite,86.4,Cutter
field_out,42.7,-66,1,Pull,91.9,Cutter
field_out,101.5,5,99,Opposite,94.9,2-Seam Fastball
double,95.2,12,172,Pull,79.5,Slider
field_out,74.4,42,238,Opposite,81.8,Slider
field_out,81.6,45,250,Straightaway,90.1,4-Seam Fastball
field_out,103.7,60,230,Pull,94.4,4-Seam Fastball
field_out,108.9,17,309,Pull,88.9,Changeup
field_out,97.6,-3,27,Straightaway,80.4,Curveball
single,70.3,19,159,Opposite,98,Sinker
field_out,98.8,5,85,Pull,88,4-Seam Fastball
field_out,96.9,28,368,Straightaway,96.4,4-Seam Fastball
field_out,74.7,14,137,Pull,76,Curveball
field_out,85.3,-22,7,Straightaway,82.8,Changeup
field_out,85.2,34,287,Opposite,84.5,Slider
single,100.4,8,116,Straightaway,85.1,Slider
home_run,101.5,32,392,Opposite,91.9,4-Seam Fastball
double,99.5,16,300,Opposite,91,Sinker
single,74,6,81,Straightaway,94.2,2-Seam Fastball
single,97.9,15,208,Pull,97,2-Seam Fastball
field_out,95.5,3,78,Opposite,90.9,4-Seam Fastball
field_out,95.1,48,299,Opposite,97.3,4-Seam Fastball
field_out,72.8,-34,4,Opposite,80.7,Slider
field_out,86.4,-16,8,Pull,93.9,4-Seam Fastball
field_out,79.6,-26,5,Pull,79.8,Curveball
single,97.5,13,198,Pull,93.7,2-Seam Fastball
single,91.8,-7,18,Straightaway,96.2,2-Seam Fastball
single,92,1,42,Pull,85.6,Changeup
field_out,99.3,2,55,Pull,91.2,2-Seam Fastball
single,104.2,6,115,Pull,95.1,2-Seam Fastball
field_out,98.1,0,40,Pull,87.4,Slider
field_out,72.2,51,201,Opposite,85.4,Split-Finger
single,104.1,12,213,Opposite,91.3,4-Seam Fastball
field_out,95.5,28,333,Pull,94,4-Seam Fastball
field_out,85.8,34,316,Opposite,82.5,Changeup
double,99.6,31,362,Opposite,86.2,Slider
field_out,57.5,-44,2,Straightaway,96.2,4-Seam Fastball
field_out,101.6,27,378,Straightaway,77.2,Slider
single,64.4,32,203,Straightaway,79.1,Slider
field_out,92.6,7,105,Straightaway,79.9,Curveball
single,97.8,4,82,Pull,87.3,Cutter
field_out,78.8,-35,2,Straightaway,91.6,Sinker
home_run,107.3,29,434,Straightaway,88.4,4-Seam Fastball
field_out,80,4,61,Pull,79.8,Changeup
field_out,93.2,-5,23,Pull,80,Changeup
field_out,62.6,-34,4,Straightaway,85.9,Changeup
home_run,107,33,431,Pull,90.3,2-Seam Fastball
single,88.6,-23,5,Straightaway,93.1,2-Seam Fastball
field_out,81.3,15,158,Pull,88.1,Cutter
field_out,94.9,-10,10,Straightaway,98.5,Sinker
home_run,108.4,34,431,Straightaway,90.4,4-Seam Fastball
field_out,89.2,39,332,Opposite,93.1,4-Seam Fastball
field_out,85.3,-21,4,Pull,98.1,4-Seam Fastball
single,95.6,0,46,Pull,84.2,Changeup
field_out,86.8,-28,5,Straightaway,88.4,2-Seam Fastball
field_out,90.9,22,315,Straightaway,94.1,4-Seam Fastball
single,94.1,16,261,Straightaway,95,4-Seam Fastball
field_out,58.2,-38,3,Straightaway,88.9,Slider
field_out,101,8,133,Pull,82.8,Changeup
single,73.3,18,180,Opposite,96.5,2-Seam Fastball
single,91.8,12,216,Straightaway,89.5,Changeup
field_out,89.1,23,306,Pull,96.7,4-Seam Fastball
single,98.7,14,241,Straightaway,92.8,4-Seam Fastball
field_out,99.8,8,131,Pull,78.5,Curveball
field_out,94.2,31,327,Opposite,99.7,4-Seam Fastball
home_run,101,31,411,Straightaway,88.2,Changeup
single,76.9,29,248,Opposite,96.6,4-Seam Fastball
home_run,106.2,23,406,Straightaway,98.2,4-Seam Fastball
field_out,94.2,-4,28,Straightaway,87.4,Cutter
single,33.9,19,56,Pull,89.4,4-Seam Fastball
field_out,71.3,15,131,Pull,94.7,4-Seam Fastball
field_out,87.9,22,283,Opposite,83.1,Changeup
single,103.2,2,49,Straightaway,91.6,4-Seam Fastball
single,95.1,-23,4,Straightaway,95.1,4-Seam Fastball
field_out,92.5,11,138,Pull,95.9,4-Seam Fastball
field_out,46.2,41,114,Opposite,84,Curveball
field_out,80.6,41,257,Opposite,94.6,4-Seam Fastball
field_out,103,19,330,Straightaway,84.3,Slider
field_out,98.2,41,340,Opposite,92,2-Seam Fastball
single,104.3,-1,41,Straightaway,93.6,2-Seam Fastball
home_run,105.5,32,440,Straightaway,97.1,4-Seam Fastball
field_out,91.2,44,305,Opposite,85.3,Changeup
field_out,85.3,-18,6,Pull,77.8,Curveball
single,87.6,9,152,Opposite,86.9,Slider
field_out,91.9,-17,8,Straightaway,90.1,4-Seam Fastball
single,55.2,-56,2,Pull,79.5,Changeup
single,91.1,14,221,Straightaway,88.7,Cutter
single,39.3,-60,2,Opposite,92.6,2-Seam Fastball
home_run,106.9,28,420,Pull,93.5,2-Seam Fastball
field_out,108.4,0,46,Straightaway,94,2-Seam Fastball
field_out,99.7,21,337,Opposite,91.7,2-Seam Fastball
field_out,103.9,10,158,Pull,92.7,4-Seam Fastball
double,101.4,21,339,Straightaway,92.7,4-Seam Fastball
field_out,100.5,10,144,Pull,93.6,4-Seam Fastball
home_run,98.4,37,367,Pull,85,Slider
double,109.8,19,386,Straightaway,93.1,4-Seam Fastball
field_out,91.1,22,321,Pull,96.1,4-Seam Fastball
single,101.7,9,183,Straightaway,94.1,2-Seam Fastball
field_out,92.7,26,345,Straightaway,93.2,4-Seam Fastball
field_out,62.8,-45,4,Pull,93.6,4-Seam Fastball
field_out,98.7,39,364,Straightaway,92.3,4-Seam Fastball
field_out,55.2,-43,3,Straightaway,93.6,Cutter
field_out,68.4,-34,4,Pull,92.7,Sinker
single,97.9,15,249,Pull,73.7,Curveball
field_out,83.9,28,284,Opposite,90.4,Sinker
single,106.9,9,153,Straightaway,91.2,Sinker
single,94.5,18,296,Pull,91.5,Sinker
single,90.3,15,188,Pull,76.7,Curveball
field_out,81.8,11,150,Opposite,83.5,Knuckle Curve
field_out,78.7,29,279,Straightaway,86.6,Slider
field_out,100.9,-7,12,Pull,89.9,2-Seam Fastball
field_out,84.9,22,279,Pull,97.5,4-Seam Fastball
field_out,99.8,18,289,Pull,73.2,Curveball
field_out,101.4,20,373,Straightaway,74.4,Curveball
double,70.2,3,57,Opposite,88.5,Sinker
field_out,86.6,-4,22,Pull,94.1,2-Seam Fastball
field_out,93.3,-8,19,Pull,94.2,2-Seam Fastball
field_out,44.6,-31,3,Straightaway,94.9,2-Seam Fastball
field_out,82.7,-7,17,Pull,87.6,Sinker
double,106.9,17,330,Pull,91.8,4-Seam Fastball
field_out,98.8,3,67,Pull,94.8,4-Seam Fastball
field_out,105.4,19,290,Pull,88.7,Sinker
field_out,90,-10,15,Pull,89.7,2-Seam Fastball
field_out,42.3,26,93,Pull,86.5,Cutter
field_out,96.3,37,362,Straightaway,79.7,Slider
field_out,86.3,24,306,Straightaway,90,Slider
single,99.3,8,133,Pull,89.3,2-Seam Fastball
field_out,94.7,43,343,Straightaway,94,2-Seam Fastball
field_out,94.2,13,168,Pull,90.7,4-Seam Fastball
single,101,15,249,Straightaway,90.9,4-Seam Fastball
field_out,100.1,-11,8,Pull,96.4,2-Seam Fastball
field_out,95.7,6,111,Straightaway,79.3,Curveball
field_out,99.7,32,387,Opposite,93,2-Seam Fastball
field_out,87.4,60,216,Opposite,93.7,2-Seam Fastball
field_out,75.9,33,254,Opposite,84.9,Slider
field_out,87.8,-11,14,Pull,86.6,Slider
field_out,60.9,-23,6,Pull,87.9,Slider
field_out,55.2,-52,2,Pull,83.5,Changeup
single,75.3,22,206,Opposite,84.6,Changeup
field_out,91.3,20,304,Opposite,84.7,Changeup
field_out,82.8,-2,34,Pull,79.8,Slider
field_out,84.9,32,329,Pull,92.6,4-Seam Fastball
single,106.2,13,203,Pull,76.5,Knuckle Curve
field_out,86.7,-30,5,Straightaway,93.4,4-Seam Fastball
field_out,65,1,36,Straightaway,87.9,Slider
home_run,105.1,32,418,Straightaway,90.7,2-Seam Fastball
single,100.9,13,188,Pull,91.3,2-Seam Fastball
field_out,94.5,-15,11,Straightaway,83.3,Changeup
field_out,100.7,-1,37,Pull,93,Sinker
single,60,14,105,Straightaway,96.5,4-Seam Fastball
single,95.8,-20,7,Straightaway,88.8,Sinker
field_out,99.1,1,51,Pull,76.9,Slider
field_out,22.6,-18,4,Opposite,84.7,Split-Finger
field_out,90.9,-23,2,Straightaway,88,Sinker
single,98,-22,6,Straightaway,94.9,Sinker
field_out,99.7,11,166,Straightaway,79.8,Knuckle Curve
field_out,74.9,-1,33,Straightaway,81,Knuckle Curve
home_run,105.5,23,382,Opposite,87.1,Split-Finger
single,105.1,15,276,Straightaway,87.2,Slider
field_out,79.2,13,162,Straightaway,89,4-Seam Fastball
field_out,92.5,37,337,Opposite,89.7,4-Seam Fastball
field_out,80.9,12,158,Straightaway,93.3,4-Seam Fastball
single,87.2,-13,9,Pull,83.9,Slider
field_out,93.9,22,328,Straightaway,95.3,2-Seam Fastball
single,92.2,15,199,Straightaway,89.8,4-Seam Fastball
field_out,97.6,33,371,Straightaway,83.2,Changeup
double,90.1,19,232,Pull,91.6,Changeup
field_out,91.3,-21,6,Pull,87.7,Changeup
field_out,64.3,-20,5,Pull,92.2,Changeup
field_out,86.1,9,118,Pull,86.9,Slider
single,102.6,12,235,Opposite,95.6,4-Seam Fastball
single,83,-22,5,Pull,85.6,Split-Finger
double,102.4,23,373,Straightaway,89.9,4-Seam Fastball
field_out,53.7,-32,3,Straightaway,85.7,Changeup
single,101.8,10,171,Straightaway,91.1,2-Seam Fastball
field_out,92.5,33,345,Opposite,92.3,4-Seam Fastball
single,95.1,12,173,Pull,84.6,Changeup
single,82.5,19,223,Pull,87.4,Cutter
single,102.8,1,52,Pull,92.8,4-Seam Fastball
field_out,94.8,-9,12,Straightaway,93.8,Sinker
single,101.8,1,56,Pull,84.7,Split-Finger
field_out,57.5,-47,2,Pull,96,2-Seam Fastball
single,107.9,15,252,Pull,87.4,4-Seam Fastball
field_out,105.9,-3,26,Straightaway,91,4-Seam Fastball
field_out,85,32,331,Straightaway,80.9,Changeup
field_out,93,-7,17,Pull,78.7,Slider
field_out,86.2,-9,19,Pull,91.2,4-Seam Fastball
field_out,76.8,42,256,Pull,93,4-Seam Fastball
field_out,81.3,12,157,Opposite,89.1,Slider
single,75.4,24,241,Straightaway,91.6,4-Seam Fastball
field_out,84,26,311,Straightaway,93.6,4-Seam Fastball
single,102.3,9,149,Straightaway,93.7,4-Seam Fastball
field_out,98.9,40,347,Pull,91.7,4-Seam Fastball
field_out,95,37,359,Opposite,81.5,Changeup
field_out,57.4,-35,2,Pull,81.8,Changeup
single,79.2,-15,9,Straightaway,93.7,4-Seam Fastball
double,99.1,20,335,Straightaway,89.3,Changeup
field_out,76,7,87,Pull,97.4,2-Seam Fastball
field_out,94.5,3,71,Pull,89,Cutter
single,105.1,15,284,Pull,89.7,2-Seam Fastball
field_out,86.6,12,178,Opposite,94.3,4-Seam Fastball
field_out,96.5,62,202,Straightaway,99.1,4-Seam Fastball
single,90.7,4,95,Straightaway,94.1,2-Seam Fastball
field_out,92.9,-12,12,Pull,87.3,Slider
field_out,96.4,47,330,Opposite,93.3,2-Seam Fastball
field_out,64.2,-36,4,Straightaway,94.4,2-Seam Fastball
field_out,90.7,21,301,Opposite,91.9,4-Seam Fastball
single,87,4,74,Pull,95.5,4-Seam Fastball
field_out,89.8,30,342,Straightaway,93.7,Sinker
single,100.3,8,148,Opposite,86.9,Cutter
field_out,81.1,-24,6,Pull,94.9,2-Seam Fastball
single,67.9,6,66,Straightaway,91.8,Sinker
single,77.2,26,252,Opposite,92.3,Sinker
home_run,103.8,23,363,Pull,88.3,Slider
single,100.9,12,186,Pull,91.3,2-Seam Fastball
double,103.8,29,393,Opposite,93,2-Seam Fastball
single,106.5,4,76,Straightaway,88.9,2-Seam Fastball
single,102.5,-1,39,Straightaway,89.9,2-Seam Fastball
field_out,103,1,45,Opposite,89.1,4-Seam Fastball
single,91.5,14,205,Straightaway,90.2,Cutter
single,93.9,19,278,Opposite,92.7,Sinker
field_out,70.1,-26,5,Pull,93,Sinker
field_out,94.8,-7,20,Pull,69.5,Curveball
double,99,23,316,Opposite,84.4,Slider
field_out,92.1,1,49,Pull,94.7,4-Seam Fastball
field_out,99.2,47,312,Opposite,90.8,Sinker
field_out,98.1,42,342,Straightaway,94.5,4-Seam Fastball
single,98,6,112,Straightaway,79.7,Knuckle Curve
single,103,10,152,Straightaway,91,Sinker
field_out,72.1,-12,9,Pull,91.1,Sinker
home_run,102.7,31,404,Pull,79,Changeup
field_out,55.9,-32,3,Pull,87.3,Split-Finger
single,83.6,17,226,Opposite,87.5,4-Seam Fastball
home_run,100.4,30,365,Opposite,88.7,Changeup
single,104.6,0,37,Pull,74.8,Curveball
field_out,84.3,-8,15,Straightaway,89.2,2-Seam Fastball
double,103.9,19,344,Opposite,94.6,2-Seam Fastball
field_out,86.2,31,318,Straightaway,90.1,Cutter
field_out,76,51,209,Opposite,86.9,Cutter
single,79.2,23,246,Pull,81.6,Slider
field_out,81.6,38,299,Straightaway,85.2,Slider
field_out,87.1,-7,22,Pull,89.7,4-Seam Fastball
home_run,108.1,26,447,Straightaway,96.3,4-Seam Fastball
field_out,76,-29,5,Pull,84.8,Changeup
double,103.2,24,398,Straightaway,88.9,2-Seam Fastball
field_out,93.4,38,344,Opposite,80.4,Split-Finger
field_out,86.9,-10,12,Pull,81.7,Split-Finger
field_out,108.5,11,182,Pull,95.2,Sinker
double,75,34,250,Opposite,92.3,2-Seam Fastball
field_out,67.9,17,156,Straightaway,93.3,4-Seam Fastball
field_out,64.6,-18,7,Pull,87.4,Changeup
field_out,96.3,38,340,Straightaway,83,Slider
single,90.6,13,178,Opposite,95.4,2-Seam Fastball
field_out,84,7,108,Opposite,95.9,2-Seam Fastball
double,91.9,38,334,Opposite,87.5,Split-Finger
field_out,103.9,18,340,Straightaway,88.8,Split-Finger
field_out,103.5,35,378,Straightaway,96.2,4-Seam Fastball
field_out,83.8,60,177,Straightaway,98.1,4-Seam Fastball
field_out,101.7,-7,18,Pull,92.8,Cutter
double,106,20,353,Straightaway,98.9,4-Seam Fastball
field_out,82.8,-11,8,Pull,80.5,Curveball
double,103.1,24,388,Opposite,90.4,4-Seam Fastball
single,70.3,13,124,Straightaway,91.8,4-Seam Fastball
field_out,75.8,-2,26,Pull,75.4,Curveball
field_out,96.1,56,244,Straightaway,95.9,4-Seam Fastball
single,78,-7,16,Straightaway,83.9,Changeup
field_out,93,-11,9,Straightaway,86.6,Changeup
single,100.5,10,196,Straightaway,92.6,Sinker
field_out,52.7,-35,4,Pull,87.4,Cutter
double,107.4,19,327,Straightaway,89.9,Sinker
field_out,86.5,45,270,Opposite,69.9,Curveball
field_out,74.9,-20,8,Pull,90.2,Sinker
home_run,97,31,345,Opposite,90.4,4-Seam Fastball
field_out,64,-22,4,Straightaway,79.4,Curveball
field_out,61.8,-32,4,Pull,90.7,Cutter
field_out,105.7,20,343,Pull,81,Changeup
field_out,81.2,-24,6,Pull,82.8,Changeup
field_out,81.5,35,280,Opposite,91.3,Cutter
single,106.4,5,99,Straightaway,75.5,Curveball
field_out,79.8,3,54,Straightaway,88.8,Cutter
single,105.5,8,128,Pull,90.3,4-Seam Fastball
field_out,85.3,46,272,Opposite,91.4,4-Seam Fastball
field_out,86.4,8,117,Straightaway,87.4,Sinker
single,77.6,12,160,Pull,88.6,Slider
single,89.7,-6,18,Straightaway,93.8,4-Seam Fastball
field_out,70.8,-37,4,Pull,96.9,4-Seam Fastball
home_run,105.6,36,402,Straightaway,87.3,Changeup
field_out,100.3,-4,27,Pull,93.8,Sinker
home_run,99.5,36,348,Opposite,94.3,Sinker
single,102.2,1,46,Pull,94.8,4-Seam Fastball
field_out,78,-1,26,Pull,93.1,4-Seam Fastball
field_out,94.7,61,213,Opposite,94.5,4-Seam Fastball
field_out,105.8,20,367,Straightaway,89.3,2-Seam Fastball
field_out,40.2,22,83,Pull,88,Cutter
field_out,88.2,30,322,Straightaway,88.1,Cutter
single,100.1,-13,10,Opposite,89.4,2-Seam Fastball
field_out,63.8,-29,5,Straightaway,79.8,Slider
field_out,98.9,20,324,Pull,94.3,2-Seam Fastball
home_run,103.8,24,408,Opposite,93.1,4-Seam Fastball
field_out,90.9,37,327,Straightaway,94.5,4-Seam Fastball
field_out,97.1,64,177,Straightaway,95.2,4-Seam Fastball
single,104.8,6,145,Straightaway,97.5,4-Seam Fastball
single,102.7,-2,25,Straightaway,90.6,2-Seam Fastball
double,102.6,31,371,Opposite,97.2,4-Seam Fastball
field_out,83.6,35,282,Opposite,78.8,Slider
single,72.1,20,193,Straightaway,81.1,Slider
field_out,88.9,48,285,Opposite,91.5,4-Seam Fastball
field_out,96.5,-7,16,Straightaway,86.4,Knuckle Curve
single,103.9,8,141,Straightaway,89.6,2-Seam Fastball
single,95.5,17,263,Pull,92.8,4-Seam Fastball
field_out,85,-39,3,Pull,97.2,Sinker
field_out,59.6,-23,6,Straightaway,90,Sinker
field_out,71.1,-26,4,Pull,94.3,Sinker
home_run,107.1,33,407,Pull,79.9,Changeup
field_out,89.7,-17,8,Pull,88.3,Sinker
field_out,72.5,2,68,Opposite,91.2,Sinker
field_out,101,-2,25,Straightaway,91.2,2-Seam Fastball
field_out,78,-21,5,Straightaway,90.3,4-Seam Fastball
home_run,103.2,32,393,Pull,94.1,4-Seam Fastball
field_out,102.8,1,44,Pull,81.9,Changeup
field_out,88.8,-2,30,Pull,77.8,Changeup
home_run,99.3,31,394,Pull,78,Changeup
double,108.4,11,268,Opposite,90.7,Sinker
single,109.3,-1,38,Straightaway,91.7,2-Seam Fastball
field_out,82.4,-31,3,Pull,92.1,2-Seam Fastball
field_out,86.2,67,138,Opposite,91.1,4-Seam Fastball
double,102.6,10,179,Opposite,89.6,2-Seam Fastball
single,96.3,0,38,Straightaway,74.9,Curveball
field_out,86.2,25,306,Straightaway,96.6,4-Seam Fastball
field_out,76,-18,6,Pull,83.3,Changeup
field_out,82.4,-18,6,Pull,80.5,Split-Finger
field_out,103.4,33,368,Straightaway,89.8,4-Seam Fastball
field_out,68.6,-30,4,Pull,92.8,4-Seam Fastball
field_out,101.1,30,379,Straightaway,93.7,4-Seam Fastball
field_out,98.6,1,45,Pull,77.3,Curveball
field_out,87.2,45,285,Opposite,90.1,4-Seam Fastball
single,106.4,12,263,Opposite,95.9,4-Seam Fastball
field_out,93.4,-11,10,Pull,84.7,Changeup
field_out,79.6,32,263,Opposite,91.9,Cutter
field_out,101.7,-14,10,Pull,93.8,4-Seam Fastball
field_out,69.2,-56,2,Pull,90.5,Cutter
field_out,98.7,42,332,Straightaway,94.2,4-Seam Fastball
field_out,57.9,-59,1,Opposite,86.2,Changeup
field_out,93.3,32,358,Straightaway,83.7,Slider
field_out,99.4,28,394,Straightaway,96.7,4-Seam Fastball
single,68.7,31,227,Straightaway,86.4,Slider
field_out,53.2,-41,2,Straightaway,87.4,Slider
home_run,108.8,30,446,Pull,91.6,Sinker
home_run,106.1,30,409,Opposite,90.2,4-Seam Fastball
field_out,107.4,18,324,Pull,90.2,4-Seam Fastball
single,88.8,17,226,Opposite,78.7,Curveball
double,103.5,12,273,Straightaway,87.6,Sinker
field_out,99.9,40,345,Pull,83.4,Slider
field_out,95,11,182,Straightaway,89.1,4-Seam Fastball
double,98.1,29,345,Opposite,96.2,4-Seam Fastball
double,81.1,59,199,Opposite,89.2,Cutter
field_out,76.3,-9,12,Pull,90.1,Sinker
field_out,93.3,48,291,Opposite,80.6,Changeup
field_out,70.3,-13,10,Straightaway,81.8,Changeup
single,99.2,-5,20,Straightaway,85.6,Cutter
field_out,99.4,-10,12,Straightaway,94.1,Sinker
field_out,93.8,-14,8,Pull,82.7,Changeup
single,107.2,0,46,Straightaway,88.8,2-Seam Fastball
single,105,4,77,Straightaway,97.3,Sinker
field_out,109.1,0,57,Opposite,92,2-Seam Fastball
field_out,97.4,26,381,Straightaway,95.8,4-Seam Fastball
field_out,84.8,24,290,Opposite,76.3,Curveball
field_out,99.6,-2,33,Pull,85.9,Slider
single,108.5,13,243,Pull,94.9,4-Seam Fastball
single,107,-1,38,Straightaway,95.3,4-Seam Fastball
field_out,58.6,-41,1,Straightaway,80.3,Slider
field_out,52.2,-86,0,Straightaway,81.5,Cutter
field_out,67.4,-15,10,Straightaway,86.1,Slider
single,94.1,-14,11,Pull,93.2,4-Seam Fastball
double,104.3,20,274,Pull,92.2,4-Seam Fastball
field_out,90.4,-22,6,Pull,94.8,4-Seam Fastball
single,96.7,6,114,Straightaway,90.3,4-Seam Fastball
single,89.4,19,257,Straightaway,86.5,Cutter
field_out,81.4,12,143,Pull,92.3,Sinker
field_out,98,21,321,Opposite,94,Sinker
field_out,79.1,5,81,Opposite,93,2-Seam Fastball
single,103.3,13,187,Pull,89.4,Cutter
single,85.5,7,118,Opposite,94.7,Sinker
field_out,100.4,18,323,Opposite,90.5,4-Seam Fastball
double,91,6,114,Opposite,95.4,4-Seam Fastball
field_out,93.4,-21,8,Straightaway,95.4,4-Seam Fastball
field_out,79.8,45,243,Straightaway,82.5,Slider
field_out,92.6,47,295,Opposite,85.8,Changeup
field_out,77.3,-28,4,Straightaway,89.1,Changeup
single,96.3,-14,6,Pull,84.9,Slider
field_out,89.3,42,306,Pull,86.2,4-Seam Fastball
single,108.3,13,242,Pull,87.9,4-Seam Fastball
double,106,2,71,Pull,94.6,4-Seam Fastball
field_out,88.7,-8,11,Pull,69.9,Curveball
single,103.8,10,179,Straightaway,91.3,4-Seam Fastball
field_out,94.4,39,333,Straightaway,94.8,4-Seam Fastball
field_out,84.4,-26,3,Pull,95.1,4-Seam Fastball
field_out,96.8,2,58,Pull,89.3,Cutter
single,82.4,12,168,Opposite,89.2,2-Seam Fastball
single,80.1,13,160,Straightaway,96.9,4-Seam Fastball
field_out,97.6,32,377,Straightaway,96.2,4-Seam Fastball
single,107.1,9,201,Opposite,84.2,Changeup
field_out,101.8,19,282,Pull,85.1,Changeup
field_out,90.2,-5,23,Pull,89.9,Sinker
field_out,82.5,82,54,Opposite,90.1,4-Seam Fastball
field_out,100.4,34,389,Straightaway,78.2,Changeup
field_out,95.1,0,46,Pull,78.3,Changeup
single,62.8,-23,7,Pull,88.3,Slider
single,104.5,-4,23,Straightaway,89.6,2-Seam Fastball
single,97,-5,16,Straightaway,91.5,2-Seam Fastball
field_out,103.7,-9,13,Straightaway,90.9,4-Seam Fastball
field_out,89,49,279,Opposite,84.3,Changeup
single,100.1,13,223,Straightaway,86.2,Changeup
home_run,108.9,25,382,Pull,91.9,Sinker
field_out,54.4,-47,2,Straightaway,80.9,Changeup
field_out,102.2,-1,35,Straightaway,95.5,4-Seam Fastball
single,105.6,6,108,Pull,96.9,4-Seam Fastball
field_out,69.2,-50,2,Pull,83.2,Slider
field_out,93.7,-16,7,Pull,92.9,4-Seam Fastball
field_out,99.4,31,386,Straightaway,96.8,4-Seam Fastball
single,57,24,139,Opposite,89.3,Cutter
field_out,76.5,-36,3,Opposite,94,2-Seam Fastball
field_out,94.6,49,290,Straightaway,85.6,Changeup
field_out,71.6,-1,35,Pull,88,Changeup
single,95.4,4,76,Straightaway,86.7,Cutter
single,90.4,20,275,Straightaway,80.4,Slider
single,82.5,13,164,Pull,93.1,2-Seam Fastball
field_out,92.8,21,289,Straightaway,84.6,Slider
home_run,108.3,20,400,Pull,92.2,4-Seam Fastball
field_out,101.2,4,84,Pull,90.3,4-Seam Fastball
field_out,75.2,-32,4,Pull,95.1,4-Seam Fastball
home_run,105.8,34,411,Opposite,92.2,Sinker
double,103.6,11,184,Pull,92.4,2-Seam Fastball
field_out,56.9,-50,2,Straightaway,91.3,Sinker
single,96.3,14,247,Opposite,77.2,Curveball
field_out,96.9,38,345,Straightaway,87.5,Cutter
home_run,108.7,35,402,Straightaway,89.8,Sinker
single,99.6,7,119,Pull,94.4,2-Seam Fastball
field_out,66.8,20,168,Straightaway,94,4-Seam Fastball
double,101.9,33,371,Opposite,90.8,4-Seam Fastball
field_out,89.1,-19,6,Pull,83.2,Changeup
single,84,12,196,Straightaway,82.5,Slider
single,99.2,-3,25,Straightaway,96.8,2-Seam Fastball
field_out,71.2,60,163,Opposite,97,4-Seam Fastball
field_out,96,32,365,Straightaway,81.9,Curveball
field_out,97,59,244,Opposite,92.2,4-Seam Fastball
double,96.2,-2,30,Pull,74.2,Curveball
double,101.6,22,363,Pull,74.9,Curveball
home_run,101.5,29,387,Opposite,82,Changeup
field_out,93.1,11,181,Straightaway,90.7,Sinker
field_out,92.6,30,373,Straightaway,91.1,Sinker
field_out,95.1,27,339,Opposite,92.3,2-Seam Fastball
single,99.7,6,104,Pull,81.3,Curveball
single,88.1,-12,10,Straightaway,84.8,Knuckle Curve
field_out,85.6,30,317,Straightaway,92.8,4-Seam Fastball
home_run,99.7,33,394,Straightaway,93.2,4-Seam Fastball
field_out,89.3,19,264,Pull,95.9,4-Seam Fastball
field_out,104.7,21,384,Straightaway,81.4,Curveball
field_out,44.2,-26,5,Straightaway,88.8,2-Seam Fastball
field_out,86.5,25,304,Straightaway,89.4,2-Seam Fastball
single,95,15,231,Straightaway,85.7,Cutter
single,98.4,16,261,Opposite,93.7,4-Seam Fastball
home_run,108,33,419,Straightaway,94.3,4-Seam Fastball
field_out,85.1,50,246,Straightaway,94.7,4-Seam Fastball
single,71.7,33,248,Opposite,83,Changeup
double,103.9,25,378,Opposite,90.5,4-Seam Fastball
field_out,88.5,48,267,Straightaway,90.9,4-Seam Fastball
field_out,55.8,-43,2,Pull,86.5,Changeup
field_out,92.8,29,334,Opposite,91.5,4-Seam Fastball
single,103.2,12,239,Opposite,80.1,Curveball
single,83.6,16,200,Straightaway,83.7,Slider
field_out,91.2,-12,12,Straightaway,96.4,4-Seam Fastball
field_out,74.5,7,83,Pull,81.3,Slider
single,91,-19,6,Pull,89.9,Slider
double,100.4,23,357,Opposite,90.4,4-Seam Fastball
home_run,106.8,49,366,Pull,92.4,4-Seam Fastball
field_out,97.4,39,339,Opposite,90.4,2-Seam Fastball
field_out,78.9,-35,4,Pull,84.1,Slider
single,97.2,1,50,Pull,84.5,Slider
single,107.6,7,129,Pull,89.3,Sinker
home_run,100.2,33,377,Pull,93.3,4-Seam Fastball
single,78.6,0,37,Pull,88.5,Slider
field_out,81.7,-35,4,Pull,93.7,4-Seam Fastball
field_out,99.2,19,309,Opposite,90.5,Sinker
double,96.6,22,315,Opposite,85,Split-Finger
field_out,102.5,9,152,Pull,92.6,2-Seam Fastball
double,107.8,22,395,Opposite,93,4-Seam Fastball
single,59.3,-47,2,Straightaway,87.1,4-Seam Fastball
single,73.4,27,238,Straightaway,98.2,4-Seam Fastball
field_out,92.9,-6,18,Straightaway,79.4,Curveball
single,102.4,-3,26,Opposite,90.8,Sinker
field_out,67.3,-18,7,Pull,91,4-Seam Fastball
field_out,87.1,8,121,Straightaway,91,4-Seam Fastball
single,87.6,13,198,Straightaway,84.6,Slider
field_out,81.3,-32,3,Straightaway,88.9,2-Seam Fastball
double,102.7,17,285,Pull,89.2,2-Seam Fastball
single,85,26,259,Opposite,89.4,2-Seam Fastball
field_out,89.3,46,289,Opposite,82.7,Slider
home_run,106.4,29,447,Straightaway,92.7,Sinker
field_out,95.1,34,353,Straightaway,88.4,Slider
field_out,102.1,24,382,Straightaway,95.6,4-Seam Fastball
field_out,91.5,27,353,Straightaway,96.1,4-Seam Fastball
field_out,86,25,309,Straightaway,97.5,4-Seam Fastball
single,90.7,-4,17,Opposite,79.5,Slider
single,92.2,6,124,Straightaway,87.8,Slider
single,100.7,6,111,Straightaway,96.4,2-Seam Fastball
field_out,84.2,25,309,Straightaway,92,4-Seam Fastball
field_out,103.9,36,395,Straightaway,94.6,4-Seam Fastball
home_run,106.6,32,443,Opposite,96.1,4-Seam Fastball
home_run,104.1,27,436,Straightaway,91,4-Seam Fastball
single,99.2,15,254,Pull,95.8,4-Seam Fastball
field_out,89.3,48,262,Straightaway,86.7,Slider
double,103.7,31,404,Pull,87.2,4-Seam Fastball
field_out,97.4,32,375,Straightaway,88.1,4-Seam Fastball
double,101.2,24,365,Opposite,88.8,4-Seam Fastball
single,64.4,-57,1,Opposite,86.8,Changeup
field_out,90.9,-9,12,Pull,89.7,Changeup
field_out,96.5,30,366,Opposite,87.5,Slider
field_out,78.7,15,162,Pull,81.9,Knuckle Curve
field_out,98.4,12,161,Pull,84.2,Slider
single,90.7,12,203,Straightaway,87,Split-Finger
field_out,102.2,15,296,Opposite,87.6,Split-Finger
single,92.3,17,245,Opposite,94.8,4-Seam Fastball
single,77.7,26,259,Straightaway,93.8,4-Seam Fastball
home_run,99.5,30,377,Opposite,80.8,Changeup
field_out,60.9,-24,5,Straightaway,87.8,Changeup
single,100,0,40,Straightaway,93,4-Seam Fastball
field_out,86.5,64,180,Straightaway,94.2,4-Seam Fastball
field_out,95.8,-11,9,Pull,83.3,Changeup
single,74.7,0,36,Pull,80.3,Knuckle Curve
field_out,66.8,-1,26,Straightaway,83.5,Slider
field_out,78,-10,8,Opposite,90,Changeup
field_out,75,-41,4,Straightaway,86.3,Changeup
field_out,81.3,1,43,Pull,80.8,Slider
single,104.1,9,214,Opposite,93.8,2-Seam Fastball
field_out,62.6,-24,6,Pull,96.4,4-Seam Fastball
field_out,98.8,22,366,Straightaway,97.9,Sinker
field_out,92.2,-21,7,Pull,91.8,Cutter
double,103.4,24,390,Opposite,93.5,4-Seam Fastball
single,79.7,-2,28,Opposite,91.7,Sinker
field_out,91.5,-1,33,Pull,88,2-Seam Fastball
field_out,71.1,-30,3,Pull,91.7,4-Seam Fastball
triple,101.1,23,373,Straightaway,93.5,4-Seam Fastball
field_out,102.3,26,404,Straightaway,93.9,4-Seam Fastball
field_out,91,54,250,Opposite,93.6,4-Seam Fastball
field_out,87,-6,21,Pull,94.5,4-Seam Fastball
field_out,103.4,-4,21,Straightaway,97.4,4-Seam Fastball
field_out,101.6,3,75,Straightaway,90.9,Cutter
home_run,100.8,31,393,Opposite,93.5,4-Seam Fastball
field_out,104.9,-3,26,Pull,95.1,4-Seam Fastball
home_run,109.5,23,421,Opposite,87,Changeup
double,104.2,19,318,Opposite,97.7,4-Seam Fastball
field_out,86.3,-8,17,Pull,81.9,Curveball
single,84.2,-17,6,Straightaway,89.2,Sinker
field_out,81.1,44,270,Opposite,91.5,4-Seam Fastball
field_out,91.6,21,299,Opposite,92.3,4-Seam Fastball
single,88.4,15,216,Straightaway,94.3,4-Seam Fastball
field_out,103.4,0,31,Straightaway,88.1,Changeup
field_out,66.5,-38,3,Pull,92.3,4-Seam Fastball
field_out,81,-21,7,Opposite,88.4,Sinker
field_out,96.7,-7,19,Pull,85.6,2-Seam Fastball
field_out,75.4,-5,21,Pull,80,Cutter
field_out,53.9,-61,1,Straightaway,85.2,Changeup
field_out,95.8,-20,5,Straightaway,88.3,Sinker
double,103.4,23,384,Straightaway,92.9,4-Seam Fastball
double,99.6,14,247,Opposite,93.4,4-Seam Fastball
single,101.8,16,251,Straightaway,91.6,Sinker
field_out,73.1,36,241,Opposite,84.7,Slider
field_out,68,-55,2,Pull,87,Split-Finger
double,106.8,13,261,Opposite,92.4,2-Seam Fastball
single,102.2,19,288,Straightaway,92.1,4-Seam Fastball
field_out,95.9,26,345,Pull,92.9,4-Seam Fastball
single,64.3,-39,2,Straightaway,95.7,Sinker
field_out,85.3,5,113,Straightaway,67.5,Curveball
single,100.3,15,282,Straightaway,72.5,Curveball
single,70.6,-43,2,Opposite,94.1,4-Seam Fastball
single,83.3,6,86,Straightaway,81.1,Slider
single,88.2,17,234,Straightaway,82.5,Slider
field_out,86.1,-14,9,Straightaway,90.7,2-Seam Fastball
field_out,105,6,129,Pull,91.7,4-Seam Fastball
double,100.1,27,368,Opposite,95.9,4-Seam Fastball
single,94.6,-2,29,Straightaway,92.7,4-Seam Fastball
single,95.6,11,204,Opposite,94.6,4-Seam Fastball
field_out,47.2,12,67,Pull,70.7,Curveball
double,107.6,19,382,Straightaway,88.8,4-Seam Fastball
single,98,12,207,Straightaway,90.5,4-Seam Fastball
single,107.8,13,255,Straightaway,79.7,Slider
field_out,103.7,7,111,Straightaway,90.3,2-Seam Fastball
field_out,91,-14,6,Opposite,97.1,4-Seam Fastball
field_out,91.7,-5,24,Straightaway,89.1,Sinker
double,95.8,23,310,Opposite,82.4,Slider
home_run,101.7,31,376,Opposite,90.6,4-Seam Fastball
field_out,66,-30,3,Straightaway,82.4,Changeup
field_out,98.7,29,398,Straightaway,89.9,Cutter
single,81.2,28,258,Opposite,93.6,4-Seam Fastball
field_out,66.8,2,40,Straightaway,97.7,4-Seam Fastball
field_out,61.3,-44,3,Straightaway,86.2,Changeup
field_out,88.2,20,265,Opposite,91.5,Sinker
field_out,88.6,-2,33,Pull,91.6,4-Seam Fastball
single,100.5,17,245,Pull,93.7,4-Seam Fastball
field_out,68.8,-42,2,Straightaway,86.7,Slider
single,77.1,20,228,Straightaway,90.3,Cutter
field_out,76.9,-5,14,Opposite,73.1,Slider
field_out,47.1,17,80,Opposite,88.3,Sinker
single,96.5,-23,5,Opposite,89.3,Sinker
field_out,96.2,-9,11,Pull,83.8,Slider
field_out,102.3,23,380,Straightaway,91.9,2-Seam Fastball
field_out,90.6,26,338,Opposite,93.8,4-Seam Fastball
field_out,82.4,-28,4,Pull,83.8,Split-Finger
double,98.5,24,356,Opposite,94.2,4-Seam Fastball
field_out,92.6,-3,26,Straightaway,78.7,Changeup
field_out,74.8,4,69,Opposite,83.4,Slider
field_out,94.8,28,316,Opposite,82.9,Slider
single,106.4,5,109,Straightaway,86.3,Split-Finger
field_out,81.5,40,304,Straightaway,91.7,4-Seam Fastball
field_out,89.9,37,343,Opposite,94,Sinker
field_out,85.9,-23,6,Straightaway,90.1,2-Seam Fastball
single,99.2,16,235,Pull,90.6,4-Seam Fastball
field_out,90.7,-17,9,Straightaway,89.3,4-Seam Fastball
single,85,17,210,Opposite,92.6,2-Seam Fastball
field_out,88.1,16,176,Pull,98.5,4-Seam Fastball
field_out,89.2,-21,6,Straightaway,93.9,Cutter
single,100.2,-4,21,Straightaway,91.5,Sinker
field_out,104,44,353,Straightaway,89.3,2-Seam Fastball
single,105,6,120,Straightaway,90.7,4-Seam Fastball
field_out,103.5,11,192,Straightaway,94.7,4-Seam Fastball
field_out,92.7,29,350,Straightaway,84.1,Changeup
field_out,80.1,-8,14,Pull,90.9,2-Seam Fastball
single,107.2,9,165,Straightaway,92,2-Seam Fastball
field_out,106.2,15,327,Straightaway,92,2-Seam Fastball
field_out,77.6,2,42,Straightaway,91.5,4-Seam Fastball
field_out,89.1,7,110,Straightaway,91.5,4-Seam Fastball
field_out,89.6,8,113,Pull,96,4-Seam Fastball
single,92.6,5,84,Straightaway,83,Slider
field_out,90.9,50,275,Straightaway,95.9,4-Seam Fastball
field_out,88.3,7,107,Straightaway,88.8,Cutter
field_out,90.5,33,329,Opposite,99.4,4-Seam Fastball
single,98.4,6,129,Opposite,89.6,Sinker
field_out,80.9,28,281,Opposite,93,4-Seam Fastball
single,69.8,23,217,Straightaway,83,Changeup
field_out,85.5,-14,11,Pull,79.6,Changeup
field_out,75.4,-36,4,Straightaway,89.1,Changeup
field_out,85.8,-33,4,Straightaway,89,2-Seam Fastball
field_out,97.3,24,315,Pull,90.5,2-Seam Fastball
field_out,92.1,22,318,Pull,83.9,Slider
field_out,64.2,-26,4,Pull,80.3,Split-Finger
single,100,-7,12,Straightaway,72.6,Curveball
field_out,81.1,34,297,Straightaway,83.1,Cutter
double,68.2,28,194,Opposite,87.2,Slider
field_out,61,77,87,Opposite,92.7,2-Seam Fastball
field_out,89.4,-12,10,Pull,93.7,2-Seam Fastball
single,96.7,-5,19,Straightaway,90,Sinker
single,108.3,2,62,Straightaway,92.5,4-Seam Fastball
field_out,103.1,-5,24,Pull,87.7,Cutter
field_out,99.9,36,341,Straightaway,90.4,4-Seam Fastball
field_out,50.9,-61,1,Straightaway,91.8,4-Seam Fastball
field_out,82.1,43,241,Straightaway,96.4,4-Seam Fastball
field_out,78.2,39,249,Opposite,77.4,Knuckle Curve
double,106.9,-1,45,Pull,93.3,4-Seam Fastball
triple,106.9,16,295,Straightaway,94.7,4-Seam Fastball
field_out,96.5,-7,22,Pull,96.5,4-Seam Fastball
field_out,77.6,-35,3,Pull,88.3,Changeup
field_out,80.5,29,303,Pull,88.4,Slider
single,105.5,10,289,Straightaway,90.1,4-Seam Fastball
field_out,105.1,43,362,Pull,93.6,4-Seam Fastball
double,69.8,38,220,Opposite,95.1,4-Seam Fastball
field_out,99,39,348,Opposite,96.9,4-Seam Fastball
field_out,94.1,54,240,Straightaway,81.7,Slider
single,102.9,8,141,Straightaway,85.5,Slider
single,106.3,3,70,Straightaway,93.7,2-Seam Fastball
double,90.2,3,63,Pull,90.2,4-Seam Fastball
field_out,85.4,-3,29,Pull,83.8,Slider
double,95.2,12,221,Opposite,89.5,4-Seam Fastball
double,107,16,328,Straightaway,85.4,Changeup
field_out,93.5,44,312,Straightaway,87.3,Changeup
field_out,90,32,330,Opposite,94.2,4-Seam Fastball
single,98.2,7,126,Opposite,98.5,2-Seam Fastball
double,105.2,3,76,Pull,88.5,4-Seam Fastball
single,36.5,-22,5,Opposite,87.5,Slider
field_out,84.7,-10,8,Pull,80.5,Slider
single,97.8,-12,6,Pull,91.2,4-Seam Fastball
field_out,102,1,55,Pull,89.5,Changeup
home_run,106.8,35,416,Straightaway,77.9,Knuckle Curve
single,93.7,-11,11,Pull,80.2,Knuckle Curve
field_out,96.3,30,358,Opposite,81.6,Slider
field_out,99.4,42,345,Opposite,92,2-Seam Fastball
field_out,100.9,36,371,Straightaway,91.6,4-Seam Fastball
double,94.1,20,292,Pull,82.3,Slider
triple,100.3,4,95,Pull,94.2,4-Seam Fastball
single,107.8,8,135,Straightaway,94.8,4-Seam Fastball
field_out,70.4,-22,7,Straightaway,83.6,Split-Finger
field_out,78.7,-33,4,Pull,93.5,4-Seam Fastball
field_out,101.4,36,363,Straightaway,93.6,4-Seam Fastball
field_out,79,26,282,Straightaway,95.4,4-Seam Fastball
double,93.7,13,196,Pull,98.1,4-Seam Fastball
field_out,91.5,-12,10,Straightaway,98.1,4-Seam Fastball
field_out,71.1,46,196,Opposite,80.7,Slider
field_out,102,-4,23,Straightaway,86.1,Slider
double,100.1,32,373,Straightaway,89.7,4-Seam Fastball
field_out,72.8,33,249,Opposite,78.6,Slider
single,103.3,11,170,Straightaway,89.9,4-Seam Fastball
field_out,99.1,36,355,Opposite,82.5,Changeup
double,100.3,18,310,Opposite,91.5,Sinker
field_out,104.6,0,43,Straightaway,90.3,4-Seam Fastball
field_out,92.4,-1,31,Pull,99.4,4-Seam Fastball
field_out,73.1,33,250,Opposite,90.4,2-Seam Fastball
single,66.4,27,213,Straightaway,91.9,4-Seam Fastball
field_out,92.4,-28,4,Pull,92.2,4-Seam Fastball
field_out,94.8,-5,25,Straightaway,72.7,Curveball
double,99.7,24,364,Opposite,75.3,Curveball
field_out,80.9,4,82,Straightaway,88.3,Sinker
single,93.6,-6,22,Straightaway,89,Sinker
home_run,107.1,24,370,Pull,86.1,Slider
single,94,13,222,Opposite,92.2,4-Seam Fastball
field_out,89.5,-18,5,Pull,82.1,Changeup
field_out,100.7,41,341,Straightaway,69.6,Curveball
single,92.6,16,224,Pull,71.6,Curveball
field_out,70.4,47,197,Opposite,85.5,Cutter
field_out,103.1,11,176,Pull,87.8,Sinker
single,108.8,3,77,Straightaway,90.9,4-Seam Fastball
field_out,97.1,20,319,Straightaway,91.6,4-Seam Fastball
field_out,75.4,-20,8,Pull,88.7,Changeup
single,104.8,-7,11,Straightaway,90.9,Sinker
home_run,110.9,26,418,Pull,89.6,Slider
single,77.5,14,166,Straightaway,93,4-Seam Fastball
single,102.1,9,173,Opposite,93.9,4-Seam Fastball
field_out,104.6,0,44,Straightaway,95.8,4-Seam Fastball
field_out,91.6,17,270,Straightaway,82.9,Curveball
home_run,89.6,35,382,Pull,90.6,4-Seam Fastball
field_out,102.6,36,375,Straightaway,87.8,Slider
field_out,94.6,0,34,Opposite,94.4,2-Seam Fastball
single,73.2,12,115,Pull,95.5,4-Seam Fastball
field_out,94.4,-11,15,Pull,86.8,Changeup
field_out,103.2,7,124,Pull,74.5,Curveball
field_out,92.5,-21,6,Straightaway,75.1,Curveball
field_out,99.8,1,52,Pull,84.7,Slider
single,95.8,7,119,Straightaway,87.2,2-Seam Fastball
single,49.5,-48,3,Opposite,84.4,Cutter
single,40.6,-62,2,Opposite,84.5,Cutter
field_out,87,3,53,Pull,95.4,4-Seam Fastball
field_out,84,-30,3,Pull,91.5,4-Seam Fastball
single,107.4,14,199,Pull,94.1,4-Seam Fastball
field_out,95.9,29,360,Straightaway,79.6,Slider
field_out,101.6,1,50,Straightaway,90.1,4-Seam Fastball
single,82.1,2,53,Straightaway,96.4,4-Seam Fastball
field_out,71.1,45,219,Straightaway,79.5,Curveball
field_out,102.8,35,384,Straightaway,88.9,Slider
field_out,96.4,-1,27,Pull,84.3,Changeup
field_out,104.7,12,180,Pull,89.1,4-Seam Fastball
field_out,95.8,54,269,Opposite,91.1,4-Seam Fastball
home_run,107.9,21,431,Straightaway,95.9,4-Seam Fastball
field_out,105.1,15,349,Straightaway,96.3,4-Seam Fastball
single,96.7,14,244,Straightaway,94,4-Seam Fastball
field_out,70.1,-19,9,Pull,94.2,4-Seam Fastball
double,105.4,20,396,Straightaway,76.7,Knuckle Curve
home_run,102.6,34,431,Pull,83.5,Slider
field_out,92.7,-8,17,Pull,75.3,Curveball
field_out,99.4,8,123,Pull,80.3,Curveball
double,97.1,24,318,Opposite,84.7,Cutter
field_out,85.1,24,278,Opposite,85.2,Cutter
single,106.8,5,129,Straightaway,86.8,Sinker
single,93.8,15,268,Pull,77.6,Curveball
field_out,83.4,-7,15,Straightaway,89.6,Sinker
home_run,110.2,32,439,Straightaway,94,4-Seam Fastball
single,101.6,-1,35,Straightaway,81.4,Curveball
field_out,95.1,45,313,Opposite,95,2-Seam Fastball
field_out,94.1,43,318,Opposite,96.9,4-Seam Fastball
field_out,90,30,351,Straightaway,73.4,Curveball
field_out,71.5,-46,3,Straightaway,75,Curveball
home_run,97.8,29,385,Pull,91.7,Sinker
double,105,15,229,Pull,83.6,Slider
field_out,104.1,-1,35,Straightaway,93.5,2-Seam Fastball
single,107,13,250,Pull,84.6,Cutter
single,107.1,0,37,Straightaway,89.7,Sinker
single,100.9,13,224,Opposite,94.7,4-Seam Fastball
field_out,95.5,33,398,Opposite,91.8,4-Seam Fastball
single,86.4,15,207,Straightaway,82.3,Slider
home_run,102.6,28,419,Straightaway,82.7,Slider
field_out,96.5,8,123,Pull,83.5,Changeup
single,96.5,2,56,Straightaway,85.5,Slider
double,104.1,24,381,Pull,89.6,4-Seam Fastball
field_out,102,1,56,Pull,91.5,4-Seam Fastball
double,95.2,7,109,Pull,84.7,Split-Finger
field_out,78.3,-7,18,Pull,93,4-Seam Fastball
single,105.5,16,294,Straightaway,84.8,Slider
home_run,111.8,20,425,Straightaway,91.5,4-Seam Fastball
field_out,66.6,61,150,Opposite,91.7,4-Seam Fastball
single,84.1,-11,9,Straightaway,79.8,Slider
field_out,81.6,76,135,Opposite,84.2,Slider
field_out,76.6,2,54,Straightaway,98.5,4-Seam Fastball
single,106.9,7,138,Pull,97,2-Seam Fastball
field_out,99.1,33,372,Straightaway,98.3,2-Seam Fastball
single,94.7,21,279,Pull,89.7,4-Seam Fastball
field_out,91.9,-17,11,Straightaway,93.4,4-Seam Fastball
field_out,69.1,8,79,Straightaway,81.6,Knuckle Curve
single,89.8,-18,9,Pull,88.3,4-Seam Fastball
field_out,95.8,51,274,Opposite,94.5,4-Seam Fastball
field_out,87.4,42,293,Pull,90.6,4-Seam Fastball
double,102.2,13,265,Opposite,92.6,4-Seam Fastball
field_out,81.9,49,245,Opposite,94.4,4-Seam Fastball
field_out,56.3,-41,2,Pull,84.7,Changeup
single,83.6,-6,20,Straightaway,77.5,Curveball
field_out,94,-7,16,Straightaway,87.4,Slider
home_run,108.8,22,415,Straightaway,92.1,2-Seam Fastball
single,99.6,15,272,Pull,94,2-Seam Fastball
field_out,99.7,44,332,Opposite,90.1,Changeup
field_out,70.1,-6,17,Straightaway,84.5,Slider
double,100.7,15,272,Opposite,89.5,Changeup
field_out,103.9,19,325,Pull,95.3,4-Seam Fastball
single,100.3,1,58,Straightaway,87.1,4-Seam Fastball
single,103.4,-2,38,Pull,89.4,4-Seam Fastball
field_out,97.5,-16,4,Pull,84.3,Cutter
field_out,103.9,9,165,Pull,92.3,4-Seam Fastball
field_out,98.3,19,304,Opposite,93.2,4-Seam Fastball
field_out,98.9,24,403,Straightaway,80.2,Curveball
field_out,81.8,2,53,Pull,83,Knuckle Curve
single,97,11,209,Opposite,94.2,4-Seam Fastball
double,105.7,8,144,Straightaway,78.1,Curveball
single,105,11,224,Opposite,79.4,Curveball
field_out,99.7,5,93,Straightaway,89.1,Cutter
field_out,107.1,8,195,Opposite,92,4-Seam Fastball
single,96.3,7,146,Straightaway,87.9,Changeup
double,107.3,15,254,Pull,83.4,Curveball
field_out,90.5,11,153,Straightaway,82.6,Slider
single,97.7,-8,16,Opposite,89.7,2-Seam Fastball
field_out,98.9,-12,9,Straightaway,93.1,2-Seam Fastball
single,108.4,8,170,Opposite,90.4,4-Seam Fastball
field_out,110.7,16,290,Pull,90.4,4-Seam Fastball
single,89.5,-3,26,Straightaway,86.6,Changeup
field_out,102.8,-5,17,Straightaway,93.2,Sinker
field_out,47.7,-71,1,Opposite,85.3,Split-Finger
field_out,47,-43,2,Straightaway,88.9,Split-Finger
field_out,74.4,39,247,Opposite,94.5,4-Seam Fastball
field_out,94.8,2,57,Straightaway,83,Curveball
field_out,82.5,-30,4,Pull,89.5,Cutter
field_out,96.2,45,309,Pull,94.1,4-Seam Fastball
field_out,87.9,-32,3,Straightaway,94.4,4-Seam Fastball
double,90.2,59,209,Opposite,82.2,Changeup
field_out,91.3,-5,19,Pull,87.4,Slider
single,104.1,9,153,Straightaway,83.8,Changeup
double,104.9,18,342,Straightaway,93.2,4-Seam Fastball
single,97.9,16,267,Opposite,97.8,4-Seam Fastball
field_out,102.9,-9,9,Opposite,90.3,Slider
field_out,96,10,162,Straightaway,93.3,2-Seam Fastball
home_run,104.1,36,387,Pull,90,4-Seam Fastball
field_out,105.8,-4,19,Pull,95.7,4-Seam Fastball
field_out,61.3,-40,2,Opposite,93.7,Sinker
double,111.7,14,322,Straightaway,92.1,4-Seam Fastball
single,97.3,15,265,Opposite,88.3,Changeup
single,107.5,10,171,Straightaway,88.8,Changeup
single,77.2,6,74,Straightaway,88.3,4-Seam Fastball
single,97.8,20,270,Pull,86.5,Changeup
single,100.3,5,106,Straightaway,91.8,4-Seam Fastball
field_out,95.7,46,335,Opposite,98,4-Seam Fastball
single,98.5,2,63,Straightaway,79.2,Changeup
home_run,108.9,25,409,Pull,97.4,4-Seam Fastball
single,67.7,32,211,Opposite,91.8,Cutter
field_out,74.1,-19,7,Pull,83.8,Cutter
home_run,97.9,33,379,Opposite,87.1,Cutter
field_out,92.7,25,349,Straightaway,79.2,Curveball
field_out,100.1,43,352,Straightaway,87,Slider
field_out,99.6,0,44,Straightaway,83.6,Changeup
field_out,98.1,20,333,Straightaway,83.6,Slider
single,89.5,4,70,Pull,81.1,Curveball
field_out,91.4,28,362,Straightaway,86.3,Slider
field_out,100.9,12,174,Straightaway,87,Slider
field_out,103.6,-10,10,Straightaway,96.2,2-Seam Fastball
home_run,106.8,26,416,Straightaway,86,Changeup
single,90.9,15,239,Straightaway,78.9,Curveball
field_out,54.9,9,72,Straightaway,88.9,Sinker
field_out,72.4,-27,4,Pull,89.4,Sinker
single,90.9,-18,10,Pull,89.5,Sinker
field_out,89.8,-27,3,Pull,90.2,Sinker
home_run,100.8,29,386,Opposite,86.3,4-Seam Fastball
field_out,80.1,-16,8,Pull,78.1,Changeup
field_out,93.2,23,336,Opposite,79.8,Changeup
field_out,84.9,-28,4,Pull,85.9,Curveball
field_out,92.3,-1,27,Straightaway,96.2,Sinker
field_out,82.5,-3,29,Pull,88.8,4-Seam Fastball
field_out,85.2,-12,12,Pull,85.4,Cutter
single,106.7,13,237,Straightaway,88.6,Cutter
field_out,79.3,-35,3,Pull,90.5,Sinker
single,91.8,17,247,Opposite,91.6,Sinker
field_out,99.9,-11,8,Straightaway,92.4,Sinker
single,83,9,122,Pull,79.8,Slider
field_out,104.4,44,330,Straightaway,90.2,2-Seam Fastball
field_out,72.4,-15,6,Straightaway,89.6,Cutter
single,76.1,27,247,Opposite,87.4,Changeup
field_out,45.2,-39,3,Pull,89.4,4-Seam Fastball
single,106.6,13,250,Pull,95,4-Seam Fastball
field_out,84.8,-21,6,Pull,83.1,Changeup
field_out,88.8,30,316,Opposite,85.9,2-Seam Fastball
field_out,91.5,-11,11,Pull,79.3,Changeup
home_run,102.2,33,397,Opposite,83.4,Cutter
field_out,73.1,11,126,Straightaway,89.8,2-Seam Fastball
field_out,49.3,-23,6,Straightaway,90.6,2-Seam Fastball
field_out,96.8,52,277,Opposite,89.7,4-Seam Fastball
double,102.8,23,389,Straightaway,88.5,2-Seam Fastball
double,105,16,293,Straightaway,81.2,Slider
single,105.4,7,122,Straightaway,86.8,Slider
field_out,66.4,60,145,Opposite,90,4-Seam Fastball
field_out,97.9,47,318,Opposite,92.2,4-Seam Fastball
single,106.1,-20,4,Opposite,93.9,4-Seam Fastball
field_out,92.4,-21,4,Straightaway,84.6,Changeup
home_run,104.9,32,398,Opposite,94.5,4-Seam Fastball
field_out,73.5,-16,7,Pull,86.2,Changeup
field_out,95.5,29,384,Straightaway,80.8,Curveball
field_out,79.2,-33,4,Pull,91.4,2-Seam Fastball
field_out,92.8,-6,18,Pull,82,Changeup
field_out,77.4,-3,26,Straightaway,87.4,Cutter
field_out,107.1,7,151,Straightaway,88.9,4-Seam Fastball
field_out,104,-1,33,Pull,91.5,4-Seam Fastball
field_out,82.4,48,272,Opposite,93.3,4-Seam Fastball
double,96.2,27,372,Opposite,83.8,Split-Finger
double,101.7,27,374,Opposite,90.7,4-Seam Fastball
single,105.2,18,280,Pull,92.3,4-Seam Fastball
single,95.9,10,154,Pull,95,4-Seam Fastball
field_out,87.3,4,80,Straightaway,81.1,Curveball
field_out,46.6,-4,19,Opposite,94.8,2-Seam Fastball
single,86.8,-4,30,Pull,94.8,2-Seam Fastball
home_run,105.5,28,424,Opposite,94.5,4-Seam Fastball
field_out,64.5,62,136,Opposite,80.1,Curveball
field_out,107.8,-7,14,Straightaway,90.3,2-Seam Fastball
single,105.5,14,237,Pull,88.5,4-Seam Fastball
field_out,84.8,63,183,Opposite,76.4,Curveball
field_out,101.3,30,380,Opposite,90.7,4-Seam Fastball
field_out,98.3,48,325,Opposite,95.4,4-Seam Fastball
field_out,101.6,17,324,Straightaway,96.3,4-Seam Fastball
field_out,99.4,-3,35,Straightaway,90.9,4-Seam Fastball
field_out,91.7,-17,5,Straightaway,93.6,4-Seam Fastball
single,84.6,22,260,Pull,98.3,4-Seam Fastball
field_out,93.3,49,293,Opposite,97.5,4-Seam Fastball
field_out,100.1,36,358,Opposite,82.6,Changeup
field_out,86.6,45,288,Straightaway,92.4,4-Seam Fastball
field_out,99,2,53,Straightaway,85.9,Changeup
single,102.2,3,75,Straightaway,98.1,Sinker
field_out,92.3,-8,16,Pull,92.2,4-Seam Fastball
single,88.9,13,186,Opposite,94.3,Sinker
single,86.9,4,82,Pull,80,Curveball
single,107,11,230,Opposite,92.7,Sinker
field_out,98.2,24,367,Opposite,86.4,Split-Finger
field_out,80.2,45,259,Straightaway,95.3,4-Seam Fastball
field_out,80.6,-30,4,Pull,78.2,Curveball
field_out,105.9,38,390,Straightaway,87.9,Sinker
field_out,91.1,65,184,Pull,86.1,Cutter
field_out,97.1,26,364,Opposite,88.9,Sinker
field_out,85.2,-13,9,Pull,89,Sinker
field_out,74.7,-10,13,Pull,89.1,Sinker
field_out,103.2,3,73,Pull,95.5,2-Seam Fastball
single,103.3,-4,33,Pull,86.7,4-Seam Fastball
field_out,88.7,-25,5,Pull,76.7,Curveball
home_run,101.7,24,403,Pull,80.5,Slider
double,98.8,27,342,Opposite,82.3,Slider
field_out,103.8,10,190,Straightaway,85.9,Split-Finger
field_out,90.1,51,278,Opposite,94.9,4-Seam Fastball
field_out,83.3,30,315,Straightaway,95,4-Seam Fastball
single,84.7,20,251,Straightaway,93.8,Sinker
field_out,87.6,45,276,Straightaway,90.7,4-Seam Fastball
field_out,93,52,269,Pull,90.9,4-Seam Fastball
field_out,90.7,50,276,Opposite,82.2,Changeup
field_out,90.4,-1,32,Straightaway,91.3,4-Seam Fastball
double,98.6,11,210,Straightaway,91.3,4-Seam Fastball
field_out,78.5,-18,6,Straightaway,81.3,Changeup
single,97.5,0,34,Pull,84.7,Slider
field_out,51.8,-26,3,Pull,92.3,4-Seam Fastball
single,101,-20,6,Straightaway,83.7,Changeup
field_out,95.1,18,277,Opposite,87.2,Changeup
field_out,89.2,-5,23,Pull,91,4-Seam Fastball
single,107.9,12,278,Opposite,87.2,Changeup
single,86.7,12,138,Straightaway,77.4,Slider
single,99.6,-9,9,Pull,85.2,Slider
field_out,84.6,-26,4,Pull,87.4,4-Seam Fastball
field_out,91.2,10,136,Straightaway,95.7,4-Seam Fastball
single,107.7,12,265,Pull,94.6,2-Seam Fastball
field_out,99.7,0,44,Pull,84.1,Split-Finger
field_out,85,14,160,Pull,96.1,4-Seam Fastball
home_run,109.2,25,409,Opposite,96,Sinker
field_out,73.7,-17,8,Straightaway,88.5,Slider
single,106.2,0,44,Pull,92.1,4-Seam Fastball
field_out,92.1,-11,13,Straightaway,96.5,4-Seam Fastball
single,79.3,15,197,Straightaway,77.1,Curveball
single,89.3,-7,21,Straightaway,88.3,Sinker
single,92.9,-11,14,Straightaway,81.7,Slider
single,92.9,0,46,Opposite,85.2,Slider
field_out,99.3,-10,17,Pull,94.3,4-Seam Fastball
field_out,77.1,4,71,Straightaway,91.6,Cutter
field_out,85.1,52,243,Opposite,89.1,Slider
field_out,96.4,6,98,Straightaway,89.7,2-Seam Fastball
single,105.5,13,213,Straightaway,90,4-Seam Fastball
field_out,102.2,-1,34,Pull,84.7,Changeup
home_run,111.7,28,472,Straightaway,91,4-Seam Fastball
single,86.7,16,217,Opposite,96.9,4-Seam Fastball
field_out,68.5,-11,14,Pull,97.6,4-Seam Fastball
double,99.6,5,95,Pull,89.6,2-Seam Fastball
field_out,49.2,-36,4,Pull,93.9,2-Seam Fastball
field_out,93.8,34,349,Straightaway,92,4-Seam Fastball
field_out,97.5,-9,15,Pull,80.1,Changeup
field_out,86.3,32,318,Straightaway,91.1,4-Seam Fastball
home_run,106.4,29,418,Straightaway,90,4-Seam Fastball
field_out,93.2,41,347,Straightaway,92.9,4-Seam Fastball
single,101,1,66,Opposite,86.8,Changeup
field_out,69.5,54,185,Straightaway,78.3,Slider
double,106,20,365,Opposite,80.8,Slider
field_out,90.3,42,303,Opposite,96.9,4-Seam Fastball
field_out,94.1,-9,9,Pull,97.5,4-Seam Fastball
field_out,81.9,76,60,Pull,92.2,4-Seam Fastball
single,96.9,11,182,Pull,86.1,Changeup
field_out,97.2,31,382,Opposite,85.9,Slider
field_out,73.2,-63,1,Opposite,92.9,4-Seam Fastball
field_out,98.7,27,371,Opposite,81.5,Curveball
home_run,106.9,28,405,Opposite,95.6,4-Seam Fastball
field_out,84.4,-23,5,Straightaway,96.6,4-Seam Fastball
home_run,110.1,30,401,Pull,86,Cutter
field_out,101,0,43,Pull,86.3,Cutter
field_out,69.9,-15,8,Pull,88.1,Cutter
field_out,83.6,63,178,Opposite,90.3,4-Seam Fastball
field_out,80.1,48,240,Opposite,94.4,4-Seam Fastball
field_out,86.2,-17,8,Pull,81.9,Changeup
field_out,93.7,-23,5,Straightaway,89.7,Sinker
home_run,106.4,24,394,Opposite,90,Sinker
field_out,32.7,-20,6,Opposite,82.1,Changeup
field_out,59.4,-50,2,Straightaway,83.8,Changeup
single,94.4,11,145,Straightaway,82.9,Curveball
double,98.2,16,255,Opposite,88.2,Sinker
field_out,89.1,26,284,Opposite,88.3,Sinker
field_out,92.4,34,360,Pull,77.1,Curveball
single,89.1,8,124,Straightaway,77.9,Curveball
field_out,37.2,6,33,Opposite,88.8,4-Seam Fastball
single,110.7,11,237,Straightaway,88.8,4-Seam Fastball
field_out,101.3,-7,15,Straightaway,91.2,4-Seam Fastball
field_out,101.1,39,374,Straightaway,91.4,Sinker
field_out,102.3,32,404,Straightaway,87.1,Sinker
field_out,87.1,6,96,Pull,87.5,Sinker
field_out,82.5,8,99,Straightaway,88.8,Sinker
single,89.1,-11,11,Pull,92.2,4-Seam Fastball
single,75.5,24,228,Straightaway,89.6,Split-Finger
single,111.2,-16,6,Pull,89.8,Slider
field_out,88.9,-21,7,Pull,94.5,4-Seam Fastball
double,93.8,20,270,Pull,95.5,4-Seam Fastball
single,72,29,249,Straightaway,96.1,4-Seam Fastball
single,90.9,16,232,Pull,88.2,Slider
field_out,98.1,22,345,Pull,93.5,4-Seam Fastball
field_out,94.5,22,336,Opposite,88.3,Cutter
field_out,74.8,8,84,Straightaway,87.2,Sinker
field_out,105.4,20,374,Straightaway,88.9,Sinker
single,83.4,15,177,Straightaway,92.3,4-Seam Fastball
field_out,56.7,-21,6,Pull,96,4-Seam Fastball
field_out,91.6,1,47,Straightaway,83.6,Knuckle Curve
field_out,94.1,48,286,Straightaway,95.5,4-Seam Fastball
field_out,94.6,-18,6,Pull,85.3,Changeup
field_out,78.7,36,290,Straightaway,87.4,Changeup
field_out,77.7,2,52,Opposite,93.4,Sinker
single,81.5,25,268,Straightaway,83.5,Changeup
single,80.6,8,101,Straightaway,94.3,4-Seam Fastball
field_out,66.1,53,171,Opposite,99.7,4-Seam Fastball
double,99.1,12,188,Opposite,98.7,Sinker
field_out,90.2,-18,6,Straightaway,93.4,4-Seam Fastball
single,109.8,14,235,Pull,93.7,4-Seam Fastball
field_out,97.2,-7,12,Pull,93.7,Sinker
field_out,94.1,2,53,Straightaway,94.4,Sinker
field_out,96.7,-5,15,Pull,83.3,Slider
field_out,103.6,-8,12,Opposite,92.8,Sinker
field_out,87,-17,9,Pull,84,Slider
field_out,66.3,-24,3,Straightaway,86.5,Changeup
field_out,83.2,73,116,Opposite,76.3,Slider
home_run,103.7,37,399,Pull,95.4,Cutter
field_out,97.7,11,168,Pull,89.6,Cutter
field_out,89.4,-19,4,Pull,83.1,Slider
home_run,98,35,384,Pull,96.7,4-Seam Fastball
single,47.5,-30,4,Opposite,90.3,Sinker
single,90.8,-4,21,Opposite,91.8,Sinker
single,98.7,3,68,Straightaway,82.3,Slider
field_out,97.6,21,333,Straightaway,91.1,4-Seam Fastball
field_out,88.2,14,172,Pull,94.6,Sinker
single,100.3,15,241,Opposite,88.4,Sinker
field_out,93.6,28,354,Straightaway,89.6,Sinker
single,40.1,-37,3,Opposite,93.8,4-Seam Fastball
